Unnamed: 0,0,city,year,vehicle,direction,variable
mean_variable_annual,0.376411679749664,delhi,2021,car,F,COUNT
month,0.1484866482864674,delhi,2021,car,F,COUNT
day,0.0137054790514468,delhi,2021,car,F,COUNT
hour,0.0838390392439425,delhi,2021,car,F,COUNT
day_of_week,0.0262604925185954,delhi,2021,car,F,COUNT
week_of_year,0.1680959196339892,delhi,2021,car,F,COUNT
quarter,0.0132598564478152,delhi,2021,car,F,COUNT
part_of_day,0.005397453464038,delhi,2021,car,F,COUNT
FUNC_CLASS,0.1090116854561927,delhi,2021,car,F,COUNT
SPEED_CAT,0.0235994735428732,delhi,2021,car,F,COUNT
LANE_CAT,0.0319322726049752,delhi,2021,car,F,COUNT
mean_variable_annual,0.5854415269282869,delhi,2021,car,F,MEAN
month,0.0287142570150121,delhi,2021,car,F,MEAN
day,0.0130745238588102,delhi,2021,car,F,MEAN
hour,0.2052352899344215,delhi,2021,car,F,MEAN
day_of_week,0.0170478618639287,delhi,2021,car,F,MEAN
week_of_year,0.0625587304843331,delhi,2021,car,F,MEAN
quarter,0.008077065494241,delhi,2021,car,F,MEAN
part_of_day,0.0064733949163054,delhi,2021,car,F,MEAN
FUNC_CLASS,0.0320118350567998,delhi,2021,car,F,MEAN
SPEED_CAT,0.0262378624636366,delhi,2021,car,F,MEAN
LANE_CAT,0.0151276519842243,delhi,2021,car,F,MEAN
mean_variable_annual,0.3664810788720785,delhi,2021,truck,F,COUNT
month,0.0473487013344605,delhi,2021,truck,F,COUNT
day,0.0150987358950275,delhi,2021,truck,F,COUNT
hour,0.0989040547831351,delhi,2021,truck,F,COUNT
day_of_week,0.0239136885953239,delhi,2021,truck,F,COUNT
week_of_year,0.2351777787670464,delhi,2021,truck,F,COUNT
quarter,0.0164096674779009,delhi,2021,truck,F,COUNT
part_of_day,0.0048571706476271,delhi,2021,truck,F,COUNT
FUNC_CLASS,0.1100183959939603,delhi,2021,truck,F,COUNT
SPEED_CAT,0.0387323707382562,delhi,2021,truck,F,COUNT
LANE_CAT,0.0430583568951832,delhi,2021,truck,F,COUNT
mean_variable_annual,0.5737372091116181,delhi,2021,truck,F,MEAN
month,0.0193054502928621,delhi,2021,truck,F,MEAN
day,0.0115184686503113,delhi,2021,truck,F,MEAN
hour,0.1965945694143726,delhi,2021,truck,F,MEAN
day_of_week,0.0138473494903388,delhi,2021,truck,F,MEAN
week_of_year,0.0774936176078701,delhi,2021,truck,F,MEAN
quarter,0.0068629243350712,delhi,2021,truck,F,MEAN
part_of_day,0.013857901652999,delhi,2021,truck,F,MEAN
FUNC_CLASS,0.0335794874130709,delhi,2021,truck,F,MEAN
SPEED_CAT,0.0307809092074767,delhi,2021,truck,F,MEAN
LANE_CAT,0.0224221128240089,delhi,2021,truck,F,MEAN
mean_variable_annual,0.4299805604643238,bengaluru,2021,car,F,COUNT
month,0.0951145333319366,bengaluru,2021,car,F,COUNT
day,0.020466628057253,bengaluru,2021,car,F,COUNT
hour,0.1412981024081427,bengaluru,2021,car,F,COUNT
day_of_week,0.0448737305425098,bengaluru,2021,car,F,COUNT
week_of_year,0.1579931165379365,bengaluru,2021,car,F,COUNT
quarter,0.0079543227397584,bengaluru,2021,car,F,COUNT
part_of_day,0.0067623517311085,bengaluru,2021,car,F,COUNT
FUNC_CLASS,0.0493843226371274,bengaluru,2021,car,F,COUNT
SPEED_CAT,0.02576534071012,bengaluru,2021,car,F,COUNT
LANE_CAT,0.0204069908397829,bengaluru,2021,car,F,COUNT
mean_variable_annual,0.5952524264010619,bengaluru,2021,car,F,MEAN
month,0.0469565010699646,bengaluru,2021,car,F,MEAN
day,0.0100946556139368,bengaluru,2021,car,F,MEAN
hour,0.1873064515514963,bengaluru,2021,car,F,MEAN
day_of_week,0.0113839313285567,bengaluru,2021,car,F,MEAN
week_of_year,0.0441075975432424,bengaluru,2021,car,F,MEAN
quarter,0.0150206474038782,bengaluru,2021,car,F,MEAN
part_of_day,0.0209359240858907,bengaluru,2021,car,F,MEAN
FUNC_CLASS,0.0300325074031012,bengaluru,2021,car,F,MEAN
SPEED_CAT,0.0245793303413021,bengaluru,2021,car,F,MEAN
LANE_CAT,0.0143300272575687,bengaluru,2021,car,F,MEAN
mean_variable_annual,0.5764074750526008,bengaluru,2021,truck,F,COUNT
month,0.0610249508103079,bengaluru,2021,truck,F,COUNT
day,0.0070190858832319,bengaluru,2021,truck,F,COUNT
hour,0.1743921659531888,bengaluru,2021,truck,F,COUNT
day_of_week,0.0448718444999038,bengaluru,2021,truck,F,COUNT
week_of_year,0.0891755127742362,bengaluru,2021,truck,F,COUNT
quarter,0.0082805874563203,bengaluru,2021,truck,F,COUNT
part_of_day,0.006893728014494,bengaluru,2021,truck,F,COUNT
FUNC_CLASS,0.0175793389342161,bengaluru,2021,truck,F,COUNT
SPEED_CAT,0.0052219577925962,bengaluru,2021,truck,F,COUNT
LANE_CAT,0.0091333528289036,bengaluru,2021,truck,F,COUNT
mean_variable_annual,0.6321542980083339,bengaluru,2021,truck,F,MEAN
month,0.0249836234243838,bengaluru,2021,truck,F,MEAN
day,0.0058564533384047,bengaluru,2021,truck,F,MEAN
hour,0.2159293957120416,bengaluru,2021,truck,F,MEAN
day_of_week,0.0179648097577686,bengaluru,2021,truck,F,MEAN
week_of_year,0.0608975999911638,bengaluru,2021,truck,F,MEAN
quarter,0.0065640096857255,bengaluru,2021,truck,F,MEAN
part_of_day,0.0193894437080926,bengaluru,2021,truck,F,MEAN
FUNC_CLASS,0.0068338637460746,bengaluru,2021,truck,F,MEAN
SPEED_CAT,0.0061982072846078,bengaluru,2021,truck,F,MEAN
LANE_CAT,0.0032282953434027,bengaluru,2021,truck,F,MEAN
mean_variable_annual,0.4666086965383141,ahmedabad,2021,car,F,COUNT
month,0.0898027178257054,ahmedabad,2021,car,F,COUNT
day,0.0208305502059236,ahmedabad,2021,car,F,COUNT
hour,0.0646818023270123,ahmedabad,2021,car,F,COUNT
day_of_week,0.0341770941241963,ahmedabad,2021,car,F,COUNT
week_of_year,0.2364340319126607,ahmedabad,2021,car,F,COUNT
quarter,0.0287470767221162,ahmedabad,2021,car,F,COUNT
part_of_day,0.0053957244236414,ahmedabad,2021,car,F,COUNT
FUNC_CLASS,0.0332995230243534,ahmedabad,2021,car,F,COUNT
SPEED_CAT,0.007007306717778,ahmedabad,2021,car,F,COUNT
LANE_CAT,0.0130154761782984,ahmedabad,2021,car,F,COUNT
mean_variable_annual,0.6751544895679931,ahmedabad,2021,car,F,MEAN
month,0.0229156147758829,ahmedabad,2021,car,F,MEAN
day,0.0053021982758108,ahmedabad,2021,car,F,MEAN
hour,0.1919960158814277,ahmedabad,2021,car,F,MEAN
day_of_week,0.0126797201099712,ahmedabad,2021,car,F,MEAN
week_of_year,0.0560737287698909,ahmedabad,2021,car,F,MEAN
quarter,0.0014563523861748,ahmedabad,2021,car,F,MEAN
part_of_day,0.0170257737396203,ahmedabad,2021,car,F,MEAN
FUNC_CLASS,0.0077572400243599,ahmedabad,2021,car,F,MEAN
SPEED_CAT,0.0063250118440704,ahmedabad,2021,car,F,MEAN
LANE_CAT,0.0033138546247975,ahmedabad,2021,car,F,MEAN
mean_variable_annual,0.5581339111072419,ahmedabad,2021,truck,F,COUNT
month,0.0432600554014115,ahmedabad,2021,truck,F,COUNT
day,0.0124218257907669,ahmedabad,2021,truck,F,COUNT
hour,0.1113848197887286,ahmedabad,2021,truck,F,COUNT
day_of_week,0.0447653087893414,ahmedabad,2021,truck,F,COUNT
week_of_year,0.1761822475364818,ahmedabad,2021,truck,F,COUNT
quarter,0.0014856568281269,ahmedabad,2021,truck,F,COUNT
part_of_day,0.0135058686917587,ahmedabad,2021,truck,F,COUNT
FUNC_CLASS,0.0272666035174514,ahmedabad,2021,truck,F,COUNT
SPEED_CAT,0.006222538584331,ahmedabad,2021,truck,F,COUNT
LANE_CAT,0.0053711639643596,ahmedabad,2021,truck,F,COUNT
mean_variable_annual,0.6558028690685961,ahmedabad,2021,truck,F,MEAN
month,0.0254148520105941,ahmedabad,2021,truck,F,MEAN
day,0.0081537573424101,ahmedabad,2021,truck,F,MEAN
hour,0.1824136607814377,ahmedabad,2021,truck,F,MEAN
day_of_week,0.0143874399662152,ahmedabad,2021,truck,F,MEAN
week_of_year,0.0784638930947032,ahmedabad,2021,truck,F,MEAN
quarter,0.0004700694871124,ahmedabad,2021,truck,F,MEAN
part_of_day,0.0164770741494263,ahmedabad,2021,truck,F,MEAN
FUNC_CLASS,0.0110904689987283,ahmedabad,2021,truck,F,MEAN
SPEED_CAT,0.0038556540115604,ahmedabad,2021,truck,F,MEAN
LANE_CAT,0.0034702610892158,ahmedabad,2021,truck,F,MEAN
mean_variable_annual,0.5008588247779067,aizawl,2021,car,F,COUNT
month,0.0498407076323434,aizawl,2021,car,F,COUNT
day,0.0964951858495423,aizawl,2021,car,F,COUNT
hour,0.1051304061728997,aizawl,2021,car,F,COUNT
day_of_week,0.0651435483107728,aizawl,2021,car,F,COUNT
week_of_year,0.1038650924979627,aizawl,2021,car,F,COUNT
quarter,0.000172985640439,aizawl,2021,car,F,COUNT
part_of_day,0.0,aizawl,2021,car,F,COUNT
FUNC_CLASS,0.0494349037549068,aizawl,2021,car,F,COUNT
SPEED_CAT,0.0238782105626288,aizawl,2021,car,F,COUNT
LANE_CAT,0.0051801348005974,aizawl,2021,car,F,COUNT
mean_variable_annual,0.5236352133114248,aizawl,2021,car,F,MEAN
month,0.0468487788230977,aizawl,2021,car,F,MEAN
day,0.0848786993394836,aizawl,2021,car,F,MEAN
hour,0.1178408595020325,aizawl,2021,car,F,MEAN
day_of_week,0.0570401034744044,aizawl,2021,car,F,MEAN
week_of_year,0.0975073874602498,aizawl,2021,car,F,MEAN
quarter,0.0,aizawl,2021,car,F,MEAN
part_of_day,0.0,aizawl,2021,car,F,MEAN
FUNC_CLASS,0.042051402236438,aizawl,2021,car,F,MEAN
SPEED_CAT,0.021524394141133,aizawl,2021,car,F,MEAN
LANE_CAT,0.0086731617117358,aizawl,2021,car,F,MEAN
mean_variable_annual,0.2859379574226223,aizawl,2021,truck,F,COUNT
month,0.0430251118291039,aizawl,2021,truck,F,COUNT
day,0.0979191596918495,aizawl,2021,truck,F,COUNT
hour,0.2134180846831443,aizawl,2021,truck,F,COUNT
day_of_week,0.0685325695769592,aizawl,2021,truck,F,COUNT
week_of_year,0.24542985543589,aizawl,2021,truck,F,COUNT
quarter,0.0,aizawl,2021,truck,F,COUNT
part_of_day,0.0003853119969495,aizawl,2021,truck,F,COUNT
FUNC_CLASS,0.0225587709479247,aizawl,2021,truck,F,COUNT
SPEED_CAT,0.0223839588348213,aizawl,2021,truck,F,COUNT
LANE_CAT,0.0004092195807349,aizawl,2021,truck,F,COUNT
mean_variable_annual,0.588277833913765,aizawl,2021,truck,F,MEAN
month,0.049997439349036,aizawl,2021,truck,F,MEAN
day,0.0646387868285754,aizawl,2021,truck,F,MEAN
hour,0.1249313519856633,aizawl,2021,truck,F,MEAN
day_of_week,0.0460297897840956,aizawl,2021,truck,F,MEAN
week_of_year,0.100602300201105,aizawl,2021,truck,F,MEAN
quarter,0.001374092647407,aizawl,2021,truck,F,MEAN
part_of_day,0.0014868583642821,aizawl,2021,truck,F,MEAN
FUNC_CLASS,0.0130492288614423,aizawl,2021,truck,F,MEAN
SPEED_CAT,0.0083813235294641,aizawl,2021,truck,F,MEAN
LANE_CAT,0.0012309945351637,aizawl,2021,truck,F,MEAN
mean_variable_annual,0.3117910943858757,bhopal,2021,car,F,COUNT
month,0.1924814992367695,bhopal,2021,car,F,COUNT
day,0.0183966133433805,bhopal,2021,car,F,COUNT
hour,0.1603243042979616,bhopal,2021,car,F,COUNT
day_of_week,0.0232448128698686,bhopal,2021,car,F,COUNT
week_of_year,0.1551525949626216,bhopal,2021,car,F,COUNT
quarter,0.0348665203979098,bhopal,2021,car,F,COUNT
part_of_day,0.0068389197087757,bhopal,2021,car,F,COUNT
FUNC_CLASS,0.0500682714650951,bhopal,2021,car,F,COUNT
SPEED_CAT,0.0175157552574332,bhopal,2021,car,F,COUNT
LANE_CAT,0.0293196140743082,bhopal,2021,car,F,COUNT
mean_variable_annual,0.6795726439913496,bhopal,2021,car,F,MEAN
month,0.0492150631951339,bhopal,2021,car,F,MEAN
day,0.003961645291715,bhopal,2021,car,F,MEAN
hour,0.154451643254121,bhopal,2021,car,F,MEAN
day_of_week,0.0107367076691925,bhopal,2021,car,F,MEAN
week_of_year,0.0538654537928493,bhopal,2021,car,F,MEAN
quarter,0.0010640108653449,bhopal,2021,car,F,MEAN
part_of_day,0.0156122933643471,bhopal,2021,car,F,MEAN
FUNC_CLASS,0.0189096329039359,bhopal,2021,car,F,MEAN
SPEED_CAT,0.0075940097595959,bhopal,2021,car,F,MEAN
LANE_CAT,0.0050168959124144,bhopal,2021,car,F,MEAN
mean_variable_annual,0.336351282322725,bhopal,2021,truck,F,COUNT
month,0.0845676863165428,bhopal,2021,truck,F,COUNT
day,0.009986935679919,bhopal,2021,truck,F,COUNT
hour,0.1986786884266814,bhopal,2021,truck,F,COUNT
day_of_week,0.023440463542673,bhopal,2021,truck,F,COUNT
week_of_year,0.2486195843360225,bhopal,2021,truck,F,COUNT
quarter,0.0199971012791224,bhopal,2021,truck,F,COUNT
part_of_day,0.0062477965474451,bhopal,2021,truck,F,COUNT
FUNC_CLASS,0.0320357872898027,bhopal,2021,truck,F,COUNT
SPEED_CAT,0.0166992859752669,bhopal,2021,truck,F,COUNT
LANE_CAT,0.0233753882837986,bhopal,2021,truck,F,COUNT
mean_variable_annual,0.630189222799967,bhopal,2021,truck,F,MEAN
month,0.0526052856320349,bhopal,2021,truck,F,MEAN
day,0.0048529747210544,bhopal,2021,truck,F,MEAN
hour,0.1703221976722456,bhopal,2021,truck,F,MEAN
day_of_week,0.0119371138007997,bhopal,2021,truck,F,MEAN
week_of_year,0.0780014134322819,bhopal,2021,truck,F,MEAN
quarter,0.0039352458818946,bhopal,2021,truck,F,MEAN
part_of_day,0.0126952022939431,bhopal,2021,truck,F,MEAN
FUNC_CLASS,0.0182467693843037,bhopal,2021,truck,F,MEAN
SPEED_CAT,0.0078171997861552,bhopal,2021,truck,F,MEAN
LANE_CAT,0.0093973745953194,bhopal,2021,truck,F,MEAN
mean_variable_annual,0.3799219296638445,bhubaneswar,2021,car,F,COUNT
month,0.2233314276957115,bhubaneswar,2021,car,F,COUNT
day,0.0129548272855238,bhubaneswar,2021,car,F,COUNT
hour,0.1820050361223004,bhubaneswar,2021,car,F,COUNT
day_of_week,0.0447341353735717,bhubaneswar,2021,car,F,COUNT
week_of_year,0.1015904803003576,bhubaneswar,2021,car,F,COUNT
quarter,0.0066186900538057,bhubaneswar,2021,car,F,COUNT
part_of_day,0.0067999164646978,bhubaneswar,2021,car,F,COUNT
FUNC_CLASS,0.0241272992011612,bhubaneswar,2021,car,F,COUNT
SPEED_CAT,0.0068513985085543,bhubaneswar,2021,car,F,COUNT
LANE_CAT,0.011064859330471,bhubaneswar,2021,car,F,COUNT
mean_variable_annual,0.6047066301392837,bhubaneswar,2021,car,F,MEAN
month,0.0236492525243606,bhubaneswar,2021,car,F,MEAN
day,0.0057563284550874,bhubaneswar,2021,car,F,MEAN
hour,0.2025554437463602,bhubaneswar,2021,car,F,MEAN
day_of_week,0.0318626140683659,bhubaneswar,2021,car,F,MEAN
week_of_year,0.0738229466525779,bhubaneswar,2021,car,F,MEAN
quarter,0.0055845418095465,bhubaneswar,2021,car,F,MEAN
part_of_day,0.0194583313282741,bhubaneswar,2021,car,F,MEAN
FUNC_CLASS,0.0124756775759593,bhubaneswar,2021,car,F,MEAN
SPEED_CAT,0.0125745257406477,bhubaneswar,2021,car,F,MEAN
LANE_CAT,0.0075537079595364,bhubaneswar,2021,car,F,MEAN
mean_variable_annual,0.5786946627207976,bhubaneswar,2021,truck,F,COUNT
month,0.0602072072513579,bhubaneswar,2021,truck,F,COUNT
day,0.0143523405785104,bhubaneswar,2021,truck,F,COUNT
hour,0.1687489020386469,bhubaneswar,2021,truck,F,COUNT
day_of_week,0.050983215050211,bhubaneswar,2021,truck,F,COUNT
week_of_year,0.0858523914511457,bhubaneswar,2021,truck,F,COUNT
quarter,0.0064380287369466,bhubaneswar,2021,truck,F,COUNT
part_of_day,0.0058414169528002,bhubaneswar,2021,truck,F,COUNT
FUNC_CLASS,0.0118929146761026,bhubaneswar,2021,truck,F,COUNT
SPEED_CAT,0.005545115450131,bhubaneswar,2021,truck,F,COUNT
LANE_CAT,0.0114438050933495,bhubaneswar,2021,truck,F,COUNT
mean_variable_annual,0.623784377292492,bhubaneswar,2021,truck,F,MEAN
month,0.0226636720510734,bhubaneswar,2021,truck,F,MEAN
day,0.0052575394554223,bhubaneswar,2021,truck,F,MEAN
hour,0.1855694228836291,bhubaneswar,2021,truck,F,MEAN
day_of_week,0.0317470519154362,bhubaneswar,2021,truck,F,MEAN
week_of_year,0.0880574883040722,bhubaneswar,2021,truck,F,MEAN
quarter,0.0007202711574928,bhubaneswar,2021,truck,F,MEAN
part_of_day,0.0150011199838134,bhubaneswar,2021,truck,F,MEAN
FUNC_CLASS,0.012441222069073,bhubaneswar,2021,truck,F,MEAN
SPEED_CAT,0.0095921216760112,bhubaneswar,2021,truck,F,MEAN
LANE_CAT,0.0051657132114837,bhubaneswar,2021,truck,F,MEAN
mean_variable_annual,0.3796753890071057,chandigarh,2021,car,F,COUNT
month,0.125896577369969,chandigarh,2021,car,F,COUNT
day,0.0120454425780699,chandigarh,2021,car,F,COUNT
hour,0.2343624692953185,chandigarh,2021,car,F,COUNT
day_of_week,0.0446878039342974,chandigarh,2021,car,F,COUNT
week_of_year,0.1357111941350346,chandigarh,2021,car,F,COUNT
quarter,0.0109615765544647,chandigarh,2021,car,F,COUNT
part_of_day,0.0100824523082564,chandigarh,2021,car,F,COUNT
FUNC_CLASS,0.0267101051504728,chandigarh,2021,car,F,COUNT
SPEED_CAT,0.0077537952029365,chandigarh,2021,car,F,COUNT
LANE_CAT,0.012113194464074,chandigarh,2021,car,F,COUNT
mean_variable_annual,0.6036896932755191,chandigarh,2021,car,F,MEAN
month,0.0508820552963527,chandigarh,2021,car,F,MEAN
day,0.005739832199111,chandigarh,2021,car,F,MEAN
hour,0.2381158662214406,chandigarh,2021,car,F,MEAN
day_of_week,0.0221169211069127,chandigarh,2021,car,F,MEAN
week_of_year,0.0416188265827876,chandigarh,2021,car,F,MEAN
quarter,0.0013313554455322,chandigarh,2021,car,F,MEAN
part_of_day,0.0118518741864919,chandigarh,2021,car,F,MEAN
FUNC_CLASS,0.0088010729601396,chandigarh,2021,car,F,MEAN
SPEED_CAT,0.0122243951584148,chandigarh,2021,car,F,MEAN
LANE_CAT,0.0036281075672973,chandigarh,2021,car,F,MEAN
mean_variable_annual,0.3829605484830089,chandigarh,2021,truck,F,COUNT
month,0.0541220755354832,chandigarh,2021,truck,F,COUNT
day,0.0107210200465034,chandigarh,2021,truck,F,COUNT
hour,0.2515602899355563,chandigarh,2021,truck,F,COUNT
day_of_week,0.0345256123420305,chandigarh,2021,truck,F,COUNT
week_of_year,0.2127981969823831,chandigarh,2021,truck,F,COUNT
quarter,0.0128795107511651,chandigarh,2021,truck,F,COUNT
part_of_day,0.0035341935753433,chandigarh,2021,truck,F,COUNT
FUNC_CLASS,0.0148271423112479,chandigarh,2021,truck,F,COUNT
SPEED_CAT,0.0069011670491808,chandigarh,2021,truck,F,COUNT
LANE_CAT,0.0151702429880968,chandigarh,2021,truck,F,COUNT
mean_variable_annual,0.6233916204048433,chandigarh,2021,truck,F,MEAN
month,0.0256809993591466,chandigarh,2021,truck,F,MEAN
day,0.0045147879398198,chandigarh,2021,truck,F,MEAN
hour,0.23202786984988,chandigarh,2021,truck,F,MEAN
day_of_week,0.0270132058771976,chandigarh,2021,truck,F,MEAN
week_of_year,0.0512043587659698,chandigarh,2021,truck,F,MEAN
quarter,0.0007906806118525,chandigarh,2021,truck,F,MEAN
part_of_day,0.0117480330122708,chandigarh,2021,truck,F,MEAN
FUNC_CLASS,0.010058861503592,chandigarh,2021,truck,F,MEAN
SPEED_CAT,0.0083176040565484,chandigarh,2021,truck,F,MEAN
LANE_CAT,0.0052519786188785,chandigarh,2021,truck,F,MEAN
mean_variable_annual,0.3708055065567878,chennai,2021,car,F,COUNT
month,0.2739113268986182,chennai,2021,car,F,COUNT
day,0.0125318905521727,chennai,2021,car,F,COUNT
hour,0.1918055333781165,chennai,2021,car,F,COUNT
day_of_week,0.0299256437072665,chennai,2021,car,F,COUNT
week_of_year,0.1052194882840412,chennai,2021,car,F,COUNT
quarter,0.000485911275106,chennai,2021,car,F,COUNT
part_of_day,0.0003970138939298,chennai,2021,car,F,COUNT
FUNC_CLASS,0.0078061906623003,chennai,2021,car,F,COUNT
SPEED_CAT,0.0028233179743877,chennai,2021,car,F,COUNT
LANE_CAT,0.0042881768172731,chennai,2021,car,F,COUNT
mean_variable_annual,0.5952431009371938,chennai,2021,car,F,MEAN
month,0.0171250874792118,chennai,2021,car,F,MEAN
day,0.0074044735582363,chennai,2021,car,F,MEAN
hour,0.2260709248823979,chennai,2021,car,F,MEAN
day_of_week,0.0208595020732065,chennai,2021,car,F,MEAN
week_of_year,0.094917940730484,chennai,2021,car,F,MEAN
quarter,0.0011300025872989,chennai,2021,car,F,MEAN
part_of_day,0.009259713069146,chennai,2021,car,F,MEAN
FUNC_CLASS,0.0122565619245547,chennai,2021,car,F,MEAN
SPEED_CAT,0.0091996687612111,chennai,2021,car,F,MEAN
LANE_CAT,0.0065330239970585,chennai,2021,car,F,MEAN
mean_variable_annual,0.6016452288883044,chennai,2021,truck,F,COUNT
month,0.0347514517972087,chennai,2021,truck,F,COUNT
day,0.0142276057645466,chennai,2021,truck,F,COUNT
hour,0.1706062614879561,chennai,2021,truck,F,COUNT
day_of_week,0.0824035204692778,chennai,2021,truck,F,COUNT
week_of_year,0.0663747847255312,chennai,2021,truck,F,COUNT
quarter,0.0072664639774451,chennai,2021,truck,F,COUNT
part_of_day,0.0046733814335057,chennai,2021,truck,F,COUNT
FUNC_CLASS,0.0093343075177814,chennai,2021,truck,F,COUNT
SPEED_CAT,0.0026608624516423,chennai,2021,truck,F,COUNT
LANE_CAT,0.0060561314868002,chennai,2021,truck,F,COUNT
mean_variable_annual,0.6384878352450746,chennai,2021,truck,F,MEAN
month,0.0122117925727405,chennai,2021,truck,F,MEAN
day,0.0056866635120536,chennai,2021,truck,F,MEAN
hour,0.2247646205973923,chennai,2021,truck,F,MEAN
day_of_week,0.0259351368700722,chennai,2021,truck,F,MEAN
week_of_year,0.069440686434989,chennai,2021,truck,F,MEAN
quarter,0.0024789982893315,chennai,2021,truck,F,MEAN
part_of_day,0.0086233142467523,chennai,2021,truck,F,MEAN
FUNC_CLASS,0.0067535278625246,chennai,2021,truck,F,MEAN
SPEED_CAT,0.0042691726659278,chennai,2021,truck,F,MEAN
LANE_CAT,0.0013482517031411,chennai,2021,truck,F,MEAN
mean_variable_annual,0.3526831191860152,coimbatore,2021,car,F,COUNT
month,0.108429339033564,coimbatore,2021,car,F,COUNT
day,0.0226356011999561,coimbatore,2021,car,F,COUNT
hour,0.2102638915742456,coimbatore,2021,car,F,COUNT
day_of_week,0.0579642012024693,coimbatore,2021,car,F,COUNT
week_of_year,0.167186848579347,coimbatore,2021,car,F,COUNT
quarter,0.0141190498672467,coimbatore,2021,car,F,COUNT
part_of_day,0.0059496774789209,coimbatore,2021,car,F,COUNT
FUNC_CLASS,0.0288484330060217,coimbatore,2021,car,F,COUNT
SPEED_CAT,0.0125079016171873,coimbatore,2021,car,F,COUNT
LANE_CAT,0.0194119372550258,coimbatore,2021,car,F,COUNT
mean_variable_annual,0.5663830175045292,coimbatore,2021,car,F,MEAN
month,0.0114653023163138,coimbatore,2021,car,F,MEAN
day,0.006523031513383,coimbatore,2021,car,F,MEAN
hour,0.2598840576711269,coimbatore,2021,car,F,MEAN
day_of_week,0.0335459903577431,coimbatore,2021,car,F,MEAN
week_of_year,0.0684177869801917,coimbatore,2021,car,F,MEAN
quarter,0.002987281138274,coimbatore,2021,car,F,MEAN
part_of_day,0.0296545153011219,coimbatore,2021,car,F,MEAN
FUNC_CLASS,0.0105993411959959,coimbatore,2021,car,F,MEAN
SPEED_CAT,0.0057141666189689,coimbatore,2021,car,F,MEAN
LANE_CAT,0.0048255094023512,coimbatore,2021,car,F,MEAN
mean_variable_annual,0.4463807609623745,coimbatore,2021,truck,F,COUNT
month,0.0222868819756344,coimbatore,2021,truck,F,COUNT
day,0.0147571176421153,coimbatore,2021,truck,F,COUNT
hour,0.2572315797205657,coimbatore,2021,truck,F,COUNT
day_of_week,0.1057699840290667,coimbatore,2021,truck,F,COUNT
week_of_year,0.1096181049308925,coimbatore,2021,truck,F,COUNT
quarter,0.002909918485985,coimbatore,2021,truck,F,COUNT
part_of_day,0.0089855235922944,coimbatore,2021,truck,F,COUNT
FUNC_CLASS,0.0180991193933759,coimbatore,2021,truck,F,COUNT
SPEED_CAT,0.008475146329977,coimbatore,2021,truck,F,COUNT
LANE_CAT,0.0054858629377179,coimbatore,2021,truck,F,COUNT
mean_variable_annual,0.6066996735552234,coimbatore,2021,truck,F,MEAN
month,0.0114876192732959,coimbatore,2021,truck,F,MEAN
day,0.006145837900928,coimbatore,2021,truck,F,MEAN
hour,0.2442376994166639,coimbatore,2021,truck,F,MEAN
day_of_week,0.0313868268965203,coimbatore,2021,truck,F,MEAN
week_of_year,0.0682873524931872,coimbatore,2021,truck,F,MEAN
quarter,0.0037975524069785,coimbatore,2021,truck,F,MEAN
part_of_day,0.0107947265308701,coimbatore,2021,truck,F,MEAN
FUNC_CLASS,0.009187314498213,coimbatore,2021,truck,F,MEAN
SPEED_CAT,0.0046049705590725,coimbatore,2021,truck,F,MEAN
LANE_CAT,0.0033704264690469,coimbatore,2021,truck,F,MEAN
mean_variable_annual,0.4622684856876349,erode,2021,car,F,COUNT
month,0.0442724481080742,erode,2021,car,F,COUNT
day,0.0466916701360242,erode,2021,car,F,COUNT
hour,0.1568125948565193,erode,2021,car,F,COUNT
day_of_week,0.0467739025506134,erode,2021,car,F,COUNT
week_of_year,0.1880543863448443,erode,2021,car,F,COUNT
quarter,0.0035593746517191,erode,2021,car,F,COUNT
part_of_day,0.0022628087673262,erode,2021,car,F,COUNT
FUNC_CLASS,0.0233237795750204,erode,2021,car,F,COUNT
SPEED_CAT,0.0093822451324863,erode,2021,car,F,COUNT
LANE_CAT,0.0165983041897371,erode,2021,car,F,COUNT
mean_variable_annual,0.6277918939563184,erode,2021,car,F,MEAN
month,0.0198074945557002,erode,2021,car,F,MEAN
day,0.0105563601227372,erode,2021,car,F,MEAN
hour,0.2211309425153145,erode,2021,car,F,MEAN
day_of_week,0.0406272625207967,erode,2021,car,F,MEAN
week_of_year,0.0406225823838203,erode,2021,car,F,MEAN
quarter,0.0047728820540183,erode,2021,car,F,MEAN
part_of_day,0.0044988337137837,erode,2021,car,F,MEAN
FUNC_CLASS,0.0151283620041295,erode,2021,car,F,MEAN
SPEED_CAT,0.0065093135969039,erode,2021,car,F,MEAN
LANE_CAT,0.008554072576477,erode,2021,car,F,MEAN
mean_variable_annual,0.4361805987688294,erode,2021,truck,F,COUNT
month,0.0231406410251704,erode,2021,truck,F,COUNT
day,0.0200421440331392,erode,2021,truck,F,COUNT
hour,0.2060979027972707,erode,2021,truck,F,COUNT
day_of_week,0.1017024247951112,erode,2021,truck,F,COUNT
week_of_year,0.1316985874666908,erode,2021,truck,F,COUNT
quarter,0.0024142840756019,erode,2021,truck,F,COUNT
part_of_day,0.0053620644191079,erode,2021,truck,F,COUNT
FUNC_CLASS,0.0630843251274299,erode,2021,truck,F,COUNT
SPEED_CAT,0.0054302082594219,erode,2021,truck,F,COUNT
LANE_CAT,0.0048468192322263,erode,2021,truck,F,COUNT
mean_variable_annual,0.693090783439058,erode,2021,truck,F,MEAN
month,0.0055652500671333,erode,2021,truck,F,MEAN
day,0.0084164237988829,erode,2021,truck,F,MEAN
hour,0.1725468737851912,erode,2021,truck,F,MEAN
day_of_week,0.0252422661016862,erode,2021,truck,F,MEAN
week_of_year,0.0592685515488814,erode,2021,truck,F,MEAN
quarter,0.0014020610901754,erode,2021,truck,F,MEAN
part_of_day,0.0092768886418508,erode,2021,truck,F,MEAN
FUNC_CLASS,0.0136728383381598,erode,2021,truck,F,MEAN
SPEED_CAT,0.0060397879224995,erode,2021,truck,F,MEAN
LANE_CAT,0.0054782752664813,erode,2021,truck,F,MEAN
mean_variable_annual,0.4584661395621106,faridabad,2021,car,F,COUNT
month,0.0858892196621983,faridabad,2021,car,F,COUNT
day,0.0212971624148216,faridabad,2021,car,F,COUNT
hour,0.1179222031331473,faridabad,2021,car,F,COUNT
day_of_week,0.0471132075877774,faridabad,2021,car,F,COUNT
week_of_year,0.2005766238121239,faridabad,2021,car,F,COUNT
quarter,0.0162966789880003,faridabad,2021,car,F,COUNT
part_of_day,0.0004472868693361,faridabad,2021,car,F,COUNT
FUNC_CLASS,0.0270706094598834,faridabad,2021,car,F,COUNT
SPEED_CAT,0.0146472758568225,faridabad,2021,car,F,COUNT
LANE_CAT,0.010273592653778,faridabad,2021,car,F,COUNT
mean_variable_annual,0.6833272160882843,faridabad,2021,car,F,MEAN
month,0.0180287367980401,faridabad,2021,car,F,MEAN
day,0.0066203879275246,faridabad,2021,car,F,MEAN
hour,0.1965615593716288,faridabad,2021,car,F,MEAN
day_of_week,0.0163112381601745,faridabad,2021,car,F,MEAN
week_of_year,0.0471086435830125,faridabad,2021,car,F,MEAN
quarter,0.004641780155498,faridabad,2021,car,F,MEAN
part_of_day,0.0117739012487654,faridabad,2021,car,F,MEAN
FUNC_CLASS,0.0079684948705396,faridabad,2021,car,F,MEAN
SPEED_CAT,0.006608619389124,faridabad,2021,car,F,MEAN
LANE_CAT,0.0010494224074076,faridabad,2021,car,F,MEAN
mean_variable_annual,0.566088848533158,faridabad,2021,truck,F,COUNT
month,0.0246209300066445,faridabad,2021,truck,F,COUNT
day,0.0129655799448614,faridabad,2021,truck,F,COUNT
hour,0.1010754672437739,faridabad,2021,truck,F,COUNT
day_of_week,0.0444481401631036,faridabad,2021,truck,F,COUNT
week_of_year,0.1750903897239832,faridabad,2021,truck,F,COUNT
quarter,0.0030425664277568,faridabad,2021,truck,F,COUNT
part_of_day,0.0024382412133907,faridabad,2021,truck,F,COUNT
FUNC_CLASS,0.0556116342131431,faridabad,2021,truck,F,COUNT
SPEED_CAT,0.0031357179953836,faridabad,2021,truck,F,COUNT
LANE_CAT,0.0114824845348008,faridabad,2021,truck,F,COUNT
mean_variable_annual,0.6502169229536883,faridabad,2021,truck,F,MEAN
month,0.0169710692562743,faridabad,2021,truck,F,MEAN
day,0.0103247321964351,faridabad,2021,truck,F,MEAN
hour,0.1969993326176023,faridabad,2021,truck,F,MEAN
day_of_week,0.012602923365386,faridabad,2021,truck,F,MEAN
week_of_year,0.0727506509525326,faridabad,2021,truck,F,MEAN
quarter,0.0018731836467515,faridabad,2021,truck,F,MEAN
part_of_day,0.0101489063114114,faridabad,2021,truck,F,MEAN
FUNC_CLASS,0.0147439370793561,faridabad,2021,truck,F,MEAN
SPEED_CAT,0.0104785525460839,faridabad,2021,truck,F,MEAN
LANE_CAT,0.0028897890744781,faridabad,2021,truck,F,MEAN
mean_variable_annual,0.2516893902039896,gangtok,2021,car,F,COUNT
month,0.0975819861588775,gangtok,2021,car,F,COUNT
day,0.065441888402712,gangtok,2021,car,F,COUNT
hour,0.2542389775624512,gangtok,2021,car,F,COUNT
day_of_week,0.0628233095469762,gangtok,2021,car,F,COUNT
week_of_year,0.2359658328906366,gangtok,2021,car,F,COUNT
quarter,0.0064690885638935,gangtok,2021,car,F,COUNT
part_of_day,0.0,gangtok,2021,car,F,COUNT
FUNC_CLASS,0.0228361876572845,gangtok,2021,car,F,COUNT
SPEED_CAT,0.0029533390131785,gangtok,2021,car,F,COUNT
LANE_CAT,0.0,gangtok,2021,car,F,COUNT
mean_variable_annual,0.4779737200601532,gangtok,2021,car,F,MEAN
month,0.0899983514228835,gangtok,2021,car,F,MEAN
day,0.0619290627489476,gangtok,2021,car,F,MEAN
hour,0.1548343356389311,gangtok,2021,car,F,MEAN
day_of_week,0.0549876824225341,gangtok,2021,car,F,MEAN
week_of_year,0.1522673532663081,gangtok,2021,car,F,MEAN
quarter,0.0010347508495117,gangtok,2021,car,F,MEAN
part_of_day,0.0037462916499965,gangtok,2021,car,F,MEAN
FUNC_CLASS,0.0019751788351768,gangtok,2021,car,F,MEAN
SPEED_CAT,0.000868618484624,gangtok,2021,car,F,MEAN
LANE_CAT,0.0003846546209329,gangtok,2021,car,F,MEAN
mean_variable_annual,0.3783976628414737,gangtok,2021,truck,F,COUNT
month,0.0517814004906355,gangtok,2021,truck,F,COUNT
day,0.0526480509718198,gangtok,2021,truck,F,COUNT
hour,0.1575716177789204,gangtok,2021,truck,F,COUNT
day_of_week,0.0688300343971082,gangtok,2021,truck,F,COUNT
week_of_year,0.2728596041441358,gangtok,2021,truck,F,COUNT
quarter,0.0,gangtok,2021,truck,F,COUNT
part_of_day,0.0,gangtok,2021,truck,F,COUNT
FUNC_CLASS,0.0168342503985422,gangtok,2021,truck,F,COUNT
SPEED_CAT,0.00098845402715,gangtok,2021,truck,F,COUNT
LANE_CAT,8.892495021406476e-05,gangtok,2021,truck,F,COUNT
mean_variable_annual,0.4582137430738976,gangtok,2021,truck,F,MEAN
month,0.1032872682128836,gangtok,2021,truck,F,MEAN
day,0.0366189739476429,gangtok,2021,truck,F,MEAN
hour,0.1754024945870057,gangtok,2021,truck,F,MEAN
day_of_week,0.0812430547462036,gangtok,2021,truck,F,MEAN
week_of_year,0.1267402944549301,gangtok,2021,truck,F,MEAN
quarter,0.0037080256693376,gangtok,2021,truck,F,MEAN
part_of_day,0.0081899053522147,gangtok,2021,truck,F,MEAN
FUNC_CLASS,0.003056845791771,gangtok,2021,truck,F,MEAN
SPEED_CAT,0.0014974695725688,gangtok,2021,truck,F,MEAN
LANE_CAT,0.0020419245915441,gangtok,2021,truck,F,MEAN
mean_variable_annual,0.4268337006085086,guwahati,2021,car,F,COUNT
month,0.0847114617058498,guwahati,2021,car,F,COUNT
day,0.0132578149247544,guwahati,2021,car,F,COUNT
hour,0.2311336906978919,guwahati,2021,car,F,COUNT
day_of_week,0.0285459705342462,guwahati,2021,car,F,COUNT
week_of_year,0.159850656353574,guwahati,2021,car,F,COUNT
quarter,0.0009823251225811,guwahati,2021,car,F,COUNT
part_of_day,0.0196400376296686,guwahati,2021,car,F,COUNT
FUNC_CLASS,0.0134039094983771,guwahati,2021,car,F,COUNT
SPEED_CAT,0.0205294177975895,guwahati,2021,car,F,COUNT
LANE_CAT,0.0011110151269581,guwahati,2021,car,F,COUNT
mean_variable_annual,0.5306649199948493,guwahati,2021,car,F,MEAN
month,0.0251989297927379,guwahati,2021,car,F,MEAN
day,0.011541926945962,guwahati,2021,car,F,MEAN
hour,0.2919652063391169,guwahati,2021,car,F,MEAN
day_of_week,0.0267926310237374,guwahati,2021,car,F,MEAN
week_of_year,0.0629967331142961,guwahati,2021,car,F,MEAN
quarter,0.0023323147945461,guwahati,2021,car,F,MEAN
part_of_day,0.0170341319255805,guwahati,2021,car,F,MEAN
FUNC_CLASS,0.0167516545064195,guwahati,2021,car,F,MEAN
SPEED_CAT,0.0088013106153774,guwahati,2021,car,F,MEAN
LANE_CAT,0.0059202409473764,guwahati,2021,car,F,MEAN
mean_variable_annual,0.4875757977732931,guwahati,2021,truck,F,COUNT
month,0.0790760505790653,guwahati,2021,truck,F,COUNT
day,0.0120585227393128,guwahati,2021,truck,F,COUNT
hour,0.2344504412309448,guwahati,2021,truck,F,COUNT
day_of_week,0.0403167263331198,guwahati,2021,truck,F,COUNT
week_of_year,0.0894397977176786,guwahati,2021,truck,F,COUNT
quarter,0.0102148602863542,guwahati,2021,truck,F,COUNT
part_of_day,0.0159124128922784,guwahati,2021,truck,F,COUNT
FUNC_CLASS,0.0135502348001457,guwahati,2021,truck,F,COUNT
SPEED_CAT,0.0081074013350027,guwahati,2021,truck,F,COUNT
LANE_CAT,0.0092977543128043,guwahati,2021,truck,F,COUNT
mean_variable_annual,0.6020241740986155,guwahati,2021,truck,F,MEAN
month,0.0258433875502646,guwahati,2021,truck,F,MEAN
day,0.0079263618236602,guwahati,2021,truck,F,MEAN
hour,0.2467780512090974,guwahati,2021,truck,F,MEAN
day_of_week,0.0205692868321011,guwahati,2021,truck,F,MEAN
week_of_year,0.0443385304693926,guwahati,2021,truck,F,MEAN
quarter,0.0028461025469014,guwahati,2021,truck,F,MEAN
part_of_day,0.025476525582305,guwahati,2021,truck,F,MEAN
FUNC_CLASS,0.0138615398540162,guwahati,2021,truck,F,MEAN
SPEED_CAT,0.0040121495276262,guwahati,2021,truck,F,MEAN
LANE_CAT,0.0063238905060193,guwahati,2021,truck,F,MEAN
mean_variable_annual,0.4505684808184131,hubli dharwad,2021,car,F,COUNT
month,0.0737476848301128,hubli dharwad,2021,car,F,COUNT
day,0.0261452215398596,hubli dharwad,2021,car,F,COUNT
hour,0.1432088026708282,hubli dharwad,2021,car,F,COUNT
day_of_week,0.0299535592972848,hubli dharwad,2021,car,F,COUNT
week_of_year,0.2139420714699376,hubli dharwad,2021,car,F,COUNT
quarter,0.006315478603367,hubli dharwad,2021,car,F,COUNT
part_of_day,0.006283780802946,hubli dharwad,2021,car,F,COUNT
FUNC_CLASS,0.0158568997360728,hubli dharwad,2021,car,F,COUNT
SPEED_CAT,0.0109941274960561,hubli dharwad,2021,car,F,COUNT
LANE_CAT,0.0229838927351214,hubli dharwad,2021,car,F,COUNT
mean_variable_annual,0.6871205629840544,hubli dharwad,2021,car,F,MEAN
month,0.020588645575055,hubli dharwad,2021,car,F,MEAN
day,0.0125014256344911,hubli dharwad,2021,car,F,MEAN
hour,0.1937663966498858,hubli dharwad,2021,car,F,MEAN
day_of_week,0.0112751077902931,hubli dharwad,2021,car,F,MEAN
week_of_year,0.033533353386334,hubli dharwad,2021,car,F,MEAN
quarter,0.0094576391392869,hubli dharwad,2021,car,F,MEAN
part_of_day,0.0049156169963353,hubli dharwad,2021,car,F,MEAN
FUNC_CLASS,0.0128216038989523,hubli dharwad,2021,car,F,MEAN
SPEED_CAT,0.0062454041397676,hubli dharwad,2021,car,F,MEAN
LANE_CAT,0.0077742438055439,hubli dharwad,2021,car,F,MEAN
mean_variable_annual,0.5872681674249673,hubli dharwad,2021,truck,F,COUNT
month,0.0158391197616033,hubli dharwad,2021,truck,F,COUNT
day,0.0143738904299214,hubli dharwad,2021,truck,F,COUNT
hour,0.2101196442922521,hubli dharwad,2021,truck,F,COUNT
day_of_week,0.0602019469875965,hubli dharwad,2021,truck,F,COUNT
week_of_year,0.0590816896403608,hubli dharwad,2021,truck,F,COUNT
quarter,0.0,hubli dharwad,2021,truck,F,COUNT
part_of_day,0.0014028978221397,hubli dharwad,2021,truck,F,COUNT
FUNC_CLASS,0.0258243046012456,hubli dharwad,2021,truck,F,COUNT
SPEED_CAT,0.012988679855982,hubli dharwad,2021,truck,F,COUNT
LANE_CAT,0.0128996591839307,hubli dharwad,2021,truck,F,COUNT
mean_variable_annual,0.7273372326472843,hubli dharwad,2021,truck,F,MEAN
month,0.0082910096776728,hubli dharwad,2021,truck,F,MEAN
day,0.0045466580533906,hubli dharwad,2021,truck,F,MEAN
hour,0.1522367229541617,hubli dharwad,2021,truck,F,MEAN
day_of_week,0.0081894141574268,hubli dharwad,2021,truck,F,MEAN
week_of_year,0.0630388765393892,hubli dharwad,2021,truck,F,MEAN
quarter,0.0016135401872016,hubli dharwad,2021,truck,F,MEAN
part_of_day,0.0028479335219008,hubli dharwad,2021,truck,F,MEAN
FUNC_CLASS,0.0140394214723462,hubli dharwad,2021,truck,F,MEAN
SPEED_CAT,0.0059375135024886,hubli dharwad,2021,truck,F,MEAN
LANE_CAT,0.0119216772867368,hubli dharwad,2021,truck,F,MEAN
mean_variable_annual,0.4006957175802371,hyderabad,2021,car,F,COUNT
month,0.1683852075527283,hyderabad,2021,car,F,COUNT
day,0.0236485263457117,hyderabad,2021,car,F,COUNT
hour,0.1104227743577185,hyderabad,2021,car,F,COUNT
day_of_week,0.0447520814790809,hyderabad,2021,car,F,COUNT
week_of_year,0.1777197626199899,hyderabad,2021,car,F,COUNT
quarter,0.010702653884592,hyderabad,2021,car,F,COUNT
part_of_day,0.0097880016571342,hyderabad,2021,car,F,COUNT
FUNC_CLASS,0.0214672408427499,hyderabad,2021,car,F,COUNT
SPEED_CAT,0.004448478054316,hyderabad,2021,car,F,COUNT
LANE_CAT,0.0279695556257411,hyderabad,2021,car,F,COUNT
mean_variable_annual,0.5727422483206314,hyderabad,2021,car,F,MEAN
month,0.0115138856410054,hyderabad,2021,car,F,MEAN
day,0.0076774034822546,hyderabad,2021,car,F,MEAN
hour,0.3109217799962471,hyderabad,2021,car,F,MEAN
day_of_week,0.0194688068045863,hyderabad,2021,car,F,MEAN
week_of_year,0.051983700807855,hyderabad,2021,car,F,MEAN
quarter,0.0019229635656329,hyderabad,2021,car,F,MEAN
part_of_day,0.0087647431700011,hyderabad,2021,car,F,MEAN
FUNC_CLASS,0.0098928875747574,hyderabad,2021,car,F,MEAN
SPEED_CAT,0.00188752897378,hyderabad,2021,car,F,MEAN
LANE_CAT,0.0032240516632485,hyderabad,2021,car,F,MEAN
mean_variable_annual,0.4371877400403696,hyderabad,2021,truck,F,COUNT
month,0.0515491260822539,hyderabad,2021,truck,F,COUNT
day,0.0095065426154516,hyderabad,2021,truck,F,COUNT
hour,0.2179961644414701,hyderabad,2021,truck,F,COUNT
day_of_week,0.0477180861813362,hyderabad,2021,truck,F,COUNT
week_of_year,0.1831417401565722,hyderabad,2021,truck,F,COUNT
quarter,0.0124437076329381,hyderabad,2021,truck,F,COUNT
part_of_day,0.0057774418575921,hyderabad,2021,truck,F,COUNT
FUNC_CLASS,0.0141383725836033,hyderabad,2021,truck,F,COUNT
SPEED_CAT,0.0026748938935692,hyderabad,2021,truck,F,COUNT
LANE_CAT,0.0178661845148433,hyderabad,2021,truck,F,COUNT
mean_variable_annual,0.567235395816519,hyderabad,2021,truck,F,MEAN
month,0.0274282804872321,hyderabad,2021,truck,F,MEAN
day,0.00664415828382,hyderabad,2021,truck,F,MEAN
hour,0.2680861303942197,hyderabad,2021,truck,F,MEAN
day_of_week,0.0255792510472141,hyderabad,2021,truck,F,MEAN
week_of_year,0.0618926590039798,hyderabad,2021,truck,F,MEAN
quarter,0.0052259807887555,hyderabad,2021,truck,F,MEAN
part_of_day,0.0223125990629041,hyderabad,2021,truck,F,MEAN
FUNC_CLASS,0.0078316289064343,hyderabad,2021,truck,F,MEAN
SPEED_CAT,0.0018864700335826,hyderabad,2021,truck,F,MEAN
LANE_CAT,0.0058774461753384,hyderabad,2021,truck,F,MEAN
mean_variable_annual,0.3584538042819929,imphal,2021,car,F,COUNT
month,0.0431742570622334,imphal,2021,car,F,COUNT
day,0.0553303845032567,imphal,2021,car,F,COUNT
hour,0.2461304611204909,imphal,2021,car,F,COUNT
day_of_week,0.0474317362721792,imphal,2021,car,F,COUNT
week_of_year,0.1521549543534116,imphal,2021,car,F,COUNT
quarter,0.0,imphal,2021,car,F,COUNT
part_of_day,0.0,imphal,2021,car,F,COUNT
FUNC_CLASS,0.0265306859697266,imphal,2021,car,F,COUNT
SPEED_CAT,0.0272458929859362,imphal,2021,car,F,COUNT
LANE_CAT,0.0435478234507721,imphal,2021,car,F,COUNT
mean_variable_annual,0.555067785624385,imphal,2021,car,F,MEAN
month,0.027563534033334,imphal,2021,car,F,MEAN
day,0.0254849448640335,imphal,2021,car,F,MEAN
hour,0.259507756053897,imphal,2021,car,F,MEAN
day_of_week,0.04085327853194,imphal,2021,car,F,MEAN
week_of_year,0.0470282897267563,imphal,2021,car,F,MEAN
quarter,0.0003324618515374,imphal,2021,car,F,MEAN
part_of_day,0.011918821645479,imphal,2021,car,F,MEAN
FUNC_CLASS,0.0116147110742618,imphal,2021,car,F,MEAN
SPEED_CAT,0.0027112988513203,imphal,2021,car,F,MEAN
LANE_CAT,0.0179171177430552,imphal,2021,car,F,MEAN
mean_variable_annual,0.3072457957908792,imphal,2021,truck,F,COUNT
month,0.0552836643986477,imphal,2021,truck,F,COUNT
day,0.02074870178937,imphal,2021,truck,F,COUNT
hour,0.281041426200218,imphal,2021,truck,F,COUNT
day_of_week,0.0256848461227806,imphal,2021,truck,F,COUNT
week_of_year,0.2215041606456384,imphal,2021,truck,F,COUNT
quarter,0.0,imphal,2021,truck,F,COUNT
part_of_day,0.007166065208218,imphal,2021,truck,F,COUNT
FUNC_CLASS,0.0371489866109625,imphal,2021,truck,F,COUNT
SPEED_CAT,0.0100174314398715,imphal,2021,truck,F,COUNT
LANE_CAT,0.0341589217934136,imphal,2021,truck,F,COUNT
mean_variable_annual,0.4947793775506408,imphal,2021,truck,F,MEAN
month,0.0401569741674276,imphal,2021,truck,F,MEAN
day,0.0153734943184153,imphal,2021,truck,F,MEAN
hour,0.2576934602520758,imphal,2021,truck,F,MEAN
day_of_week,0.0269639132296363,imphal,2021,truck,F,MEAN
week_of_year,0.110722988110275,imphal,2021,truck,F,MEAN
quarter,0.0006366240454444,imphal,2021,truck,F,MEAN
part_of_day,0.0165184596787224,imphal,2021,truck,F,MEAN
FUNC_CLASS,0.0135269130252642,imphal,2021,truck,F,MEAN
SPEED_CAT,0.0018602323472735,imphal,2021,truck,F,MEAN
LANE_CAT,0.0217675632748244,imphal,2021,truck,F,MEAN
mean_variable_annual,0.4157745215391625,indore,2021,car,F,COUNT
month,0.1057102838584173,indore,2021,car,F,COUNT
day,0.0191345345429681,indore,2021,car,F,COUNT
hour,0.2008169798055962,indore,2021,car,F,COUNT
day_of_week,0.029913908894464,indore,2021,car,F,COUNT
week_of_year,0.1435733773754078,indore,2021,car,F,COUNT
quarter,0.0244456156272166,indore,2021,car,F,COUNT
part_of_day,0.0217036001875254,indore,2021,car,F,COUNT
FUNC_CLASS,0.0276450867104642,indore,2021,car,F,COUNT
SPEED_CAT,0.0043037351154916,indore,2021,car,F,COUNT
LANE_CAT,0.0069783563432861,indore,2021,car,F,COUNT
mean_variable_annual,0.5913089836473175,indore,2021,car,F,MEAN
month,0.0342000248823982,indore,2021,car,F,MEAN
day,0.0031014783128398,indore,2021,car,F,MEAN
hour,0.2222663302518756,indore,2021,car,F,MEAN
day_of_week,0.0225997369315091,indore,2021,car,F,MEAN
week_of_year,0.0750198611328432,indore,2021,car,F,MEAN
quarter,0.0001862813088708,indore,2021,car,F,MEAN
part_of_day,0.0219092442252136,indore,2021,car,F,MEAN
FUNC_CLASS,0.0155150059557684,indore,2021,car,F,MEAN
SPEED_CAT,0.0113295693613692,indore,2021,car,F,MEAN
LANE_CAT,0.002563483989994,indore,2021,car,F,MEAN
mean_variable_annual,0.4896209270508103,indore,2021,truck,F,COUNT
month,0.0332175246779938,indore,2021,truck,F,COUNT
day,0.0077022379086494,indore,2021,truck,F,COUNT
hour,0.2121319503452385,indore,2021,truck,F,COUNT
day_of_week,0.0404728805918537,indore,2021,truck,F,COUNT
week_of_year,0.138090668234397,indore,2021,truck,F,COUNT
quarter,0.0091716446844173,indore,2021,truck,F,COUNT
part_of_day,0.0179693371097911,indore,2021,truck,F,COUNT
FUNC_CLASS,0.0353722754016429,indore,2021,truck,F,COUNT
SPEED_CAT,0.00995977722296,indore,2021,truck,F,COUNT
LANE_CAT,0.0062907767722454,indore,2021,truck,F,COUNT
mean_variable_annual,0.6100585288568594,indore,2021,truck,F,MEAN
month,0.0242019128164007,indore,2021,truck,F,MEAN
day,0.0058074365128895,indore,2021,truck,F,MEAN
hour,0.2144489789981413,indore,2021,truck,F,MEAN
day_of_week,0.0207391600470463,indore,2021,truck,F,MEAN
week_of_year,0.0923018216544636,indore,2021,truck,F,MEAN
quarter,0.0001765235192046,indore,2021,truck,F,MEAN
part_of_day,0.0096740626867277,indore,2021,truck,F,MEAN
FUNC_CLASS,0.0151284411666323,indore,2021,truck,F,MEAN
SPEED_CAT,0.0030458069871837,indore,2021,truck,F,MEAN
LANE_CAT,0.0044173267544507,indore,2021,truck,F,MEAN
mean_variable_annual,0.3990426122865482,jaipur,2021,car,F,COUNT
month,0.0962472780449664,jaipur,2021,car,F,COUNT
day,0.0168149091547563,jaipur,2021,car,F,COUNT
hour,0.1797841230948461,jaipur,2021,car,F,COUNT
day_of_week,0.0233291116662862,jaipur,2021,car,F,COUNT
week_of_year,0.2195444044237999,jaipur,2021,car,F,COUNT
quarter,0.0129125257076049,jaipur,2021,car,F,COUNT
part_of_day,0.0108373954044082,jaipur,2021,car,F,COUNT
FUNC_CLASS,0.0206528973847845,jaipur,2021,car,F,COUNT
SPEED_CAT,0.0086622544870409,jaipur,2021,car,F,COUNT
LANE_CAT,0.0121724883449581,jaipur,2021,car,F,COUNT
mean_variable_annual,0.6399276878903531,jaipur,2021,car,F,MEAN
month,0.0335027442137912,jaipur,2021,car,F,MEAN
day,0.0050422456109523,jaipur,2021,car,F,MEAN
hour,0.2309984238382298,jaipur,2021,car,F,MEAN
day_of_week,0.0120019218234118,jaipur,2021,car,F,MEAN
week_of_year,0.0427547333756079,jaipur,2021,car,F,MEAN
quarter,0.0004945302008744,jaipur,2021,car,F,MEAN
part_of_day,0.0143698156610526,jaipur,2021,car,F,MEAN
FUNC_CLASS,0.0090176595844915,jaipur,2021,car,F,MEAN
SPEED_CAT,0.0094848455840799,jaipur,2021,car,F,MEAN
LANE_CAT,0.002405392217155,jaipur,2021,car,F,MEAN
mean_variable_annual,0.4768212517061754,jaipur,2021,truck,F,COUNT
month,0.0851023126541132,jaipur,2021,truck,F,COUNT
day,0.0162147102152419,jaipur,2021,truck,F,COUNT
hour,0.1418532967115662,jaipur,2021,truck,F,COUNT
day_of_week,0.0362573562589866,jaipur,2021,truck,F,COUNT
week_of_year,0.1846101416292853,jaipur,2021,truck,F,COUNT
quarter,0.0086239138912034,jaipur,2021,truck,F,COUNT
part_of_day,0.0074300015328748,jaipur,2021,truck,F,COUNT
FUNC_CLASS,0.0289903258625281,jaipur,2021,truck,F,COUNT
SPEED_CAT,0.0064399322963551,jaipur,2021,truck,F,COUNT
LANE_CAT,0.0076567572416693,jaipur,2021,truck,F,COUNT
mean_variable_annual,0.6373607533123075,jaipur,2021,truck,F,MEAN
month,0.0279028188919794,jaipur,2021,truck,F,MEAN
day,0.0060534815000476,jaipur,2021,truck,F,MEAN
hour,0.2217626491674112,jaipur,2021,truck,F,MEAN
day_of_week,0.0063089236302307,jaipur,2021,truck,F,MEAN
week_of_year,0.0546286243470453,jaipur,2021,truck,F,MEAN
quarter,0.0060106928838272,jaipur,2021,truck,F,MEAN
part_of_day,0.0199578510815068,jaipur,2021,truck,F,MEAN
FUNC_CLASS,0.012389411931986,jaipur,2021,truck,F,MEAN
SPEED_CAT,0.0042793007466636,jaipur,2021,truck,F,MEAN
LANE_CAT,0.0033454925069943,jaipur,2021,truck,F,MEAN
mean_variable_annual,0.5021318062516481,kanpur,2021,car,F,COUNT
month,0.0859971208019098,kanpur,2021,car,F,COUNT
day,0.0257200811113541,kanpur,2021,car,F,COUNT
hour,0.0620396906479215,kanpur,2021,car,F,COUNT
day_of_week,0.0227817446865625,kanpur,2021,car,F,COUNT
week_of_year,0.2336284100105315,kanpur,2021,car,F,COUNT
quarter,0.0096783096096046,kanpur,2021,car,F,COUNT
part_of_day,0.0016003256341258,kanpur,2021,car,F,COUNT
FUNC_CLASS,0.0276301666734065,kanpur,2021,car,F,COUNT
SPEED_CAT,0.0126971073780625,kanpur,2021,car,F,COUNT
LANE_CAT,0.0160952371948726,kanpur,2021,car,F,COUNT
mean_variable_annual,0.6296428228768163,kanpur,2021,car,F,MEAN
month,0.0168404608948547,kanpur,2021,car,F,MEAN
day,0.0115448630857827,kanpur,2021,car,F,MEAN
hour,0.2151350174757312,kanpur,2021,car,F,MEAN
day_of_week,0.02542443385455,kanpur,2021,car,F,MEAN
week_of_year,0.0651223181759179,kanpur,2021,car,F,MEAN
quarter,0.0009602597561694,kanpur,2021,car,F,MEAN
part_of_day,0.0117628196786025,kanpur,2021,car,F,MEAN
FUNC_CLASS,0.0141178098878065,kanpur,2021,car,F,MEAN
SPEED_CAT,0.0056126628665965,kanpur,2021,car,F,MEAN
LANE_CAT,0.003836531447172,kanpur,2021,car,F,MEAN
mean_variable_annual,0.6212293056460172,kanpur,2021,truck,F,COUNT
month,0.0469984277047435,kanpur,2021,truck,F,COUNT
day,0.0097015315942944,kanpur,2021,truck,F,COUNT
hour,0.1017215465323404,kanpur,2021,truck,F,COUNT
day_of_week,0.0415516527421762,kanpur,2021,truck,F,COUNT
week_of_year,0.1234848799183827,kanpur,2021,truck,F,COUNT
quarter,0.0014295465503272,kanpur,2021,truck,F,COUNT
part_of_day,0.0002450993388678,kanpur,2021,truck,F,COUNT
FUNC_CLASS,0.0304170717775006,kanpur,2021,truck,F,COUNT
SPEED_CAT,0.0097434719144886,kanpur,2021,truck,F,COUNT
LANE_CAT,0.013477466280861,kanpur,2021,truck,F,COUNT
mean_variable_annual,0.6165495091178358,kanpur,2021,truck,F,MEAN
month,0.0347332590105863,kanpur,2021,truck,F,MEAN
day,0.013907369468044,kanpur,2021,truck,F,MEAN
hour,0.2033289631231283,kanpur,2021,truck,F,MEAN
day_of_week,0.0267803090823036,kanpur,2021,truck,F,MEAN
week_of_year,0.0689936189209009,kanpur,2021,truck,F,MEAN
quarter,0.0047757081709843,kanpur,2021,truck,F,MEAN
part_of_day,0.0054628217649926,kanpur,2021,truck,F,MEAN
FUNC_CLASS,0.0114582172563223,kanpur,2021,truck,F,MEAN
SPEED_CAT,0.0059057233188677,kanpur,2021,truck,F,MEAN
LANE_CAT,0.0081045007660338,kanpur,2021,truck,F,MEAN
mean_variable_annual,0.3466698819000342,kochi,2021,car,F,COUNT
month,0.1052963302417785,kochi,2021,car,F,COUNT
day,0.0129082753620987,kochi,2021,car,F,COUNT
hour,0.2247185427137154,kochi,2021,car,F,COUNT
day_of_week,0.0737713228481833,kochi,2021,car,F,COUNT
week_of_year,0.1482896573630046,kochi,2021,car,F,COUNT
quarter,0.0082468932287068,kochi,2021,car,F,COUNT
part_of_day,0.007452034332315,kochi,2021,car,F,COUNT
FUNC_CLASS,0.0356833019114289,kochi,2021,car,F,COUNT
SPEED_CAT,0.0193612621048791,kochi,2021,car,F,COUNT
LANE_CAT,0.0176024979938548,kochi,2021,car,F,COUNT
mean_variable_annual,0.5147459748061216,kochi,2021,car,F,MEAN
month,0.0200118250263441,kochi,2021,car,F,MEAN
day,0.0095831148175787,kochi,2021,car,F,MEAN
hour,0.2625244660229173,kochi,2021,car,F,MEAN
day_of_week,0.0547551373591909,kochi,2021,car,F,MEAN
week_of_year,0.0859171510851008,kochi,2021,car,F,MEAN
quarter,0.0016262737018439,kochi,2021,car,F,MEAN
part_of_day,0.0097540552165776,kochi,2021,car,F,MEAN
FUNC_CLASS,0.0168620228344517,kochi,2021,car,F,MEAN
SPEED_CAT,0.0140665423453703,kochi,2021,car,F,MEAN
LANE_CAT,0.0101534367845024,kochi,2021,car,F,MEAN
mean_variable_annual,0.4350569300896058,kochi,2021,truck,F,COUNT
month,0.0639014504383704,kochi,2021,truck,F,COUNT
day,0.0182242213888124,kochi,2021,truck,F,COUNT
hour,0.2251907657438829,kochi,2021,truck,F,COUNT
day_of_week,0.0751770673307231,kochi,2021,truck,F,COUNT
week_of_year,0.1066021375656657,kochi,2021,truck,F,COUNT
quarter,0.0053027586324602,kochi,2021,truck,F,COUNT
part_of_day,0.0013774310661336,kochi,2021,truck,F,COUNT
FUNC_CLASS,0.037196109302457,kochi,2021,truck,F,COUNT
SPEED_CAT,0.0084479031229059,kochi,2021,truck,F,COUNT
LANE_CAT,0.0235232253189827,kochi,2021,truck,F,COUNT
mean_variable_annual,0.4894425252883823,kochi,2021,truck,F,MEAN
month,0.0350555149608341,kochi,2021,truck,F,MEAN
day,0.0102806618282503,kochi,2021,truck,F,MEAN
hour,0.2732739320883964,kochi,2021,truck,F,MEAN
day_of_week,0.0460879063618219,kochi,2021,truck,F,MEAN
week_of_year,0.0739316098042081,kochi,2021,truck,F,MEAN
quarter,0.0057604366324459,kochi,2021,truck,F,MEAN
part_of_day,0.0097648655372124,kochi,2021,truck,F,MEAN
FUNC_CLASS,0.0262948289551414,kochi,2021,truck,F,MEAN
SPEED_CAT,0.0111395408171024,kochi,2021,truck,F,MEAN
LANE_CAT,0.0189681777262041,kochi,2021,truck,F,MEAN
mean_variable_annual,0.4145611172513812,kohima,2021,car,F,COUNT
month,0.0563977762481424,kohima,2021,car,F,COUNT
day,0.1197347874628745,kohima,2021,car,F,COUNT
hour,0.2109733147997019,kohima,2021,car,F,COUNT
day_of_week,0.0539246256817456,kohima,2021,car,F,COUNT
week_of_year,0.1161028238742923,kohima,2021,car,F,COUNT
quarter,0.0058607386526031,kohima,2021,car,F,COUNT
part_of_day,0.0,kohima,2021,car,F,COUNT
FUNC_CLASS,0.00756587306365,kohima,2021,car,F,COUNT
SPEED_CAT,0.0148789429656086,kohima,2021,car,F,COUNT
LANE_CAT,0.0,kohima,2021,car,F,COUNT
mean_variable_annual,0.5835989660548965,kohima,2021,car,F,MEAN
month,0.0247420621552701,kohima,2021,car,F,MEAN
day,0.0497608390005326,kohima,2021,car,F,MEAN
hour,0.1343066623675241,kohima,2021,car,F,MEAN
day_of_week,0.0832854307538343,kohima,2021,car,F,MEAN
week_of_year,0.0752054693781101,kohima,2021,car,F,MEAN
quarter,0.0212963733740057,kohima,2021,car,F,MEAN
part_of_day,0.0,kohima,2021,car,F,MEAN
FUNC_CLASS,0.0072430675271035,kohima,2021,car,F,MEAN
SPEED_CAT,0.0204430816149681,kohima,2021,car,F,MEAN
LANE_CAT,0.0001180477737549,kohima,2021,car,F,MEAN
mean_variable_annual,0.3635587327698367,kohima,2021,truck,F,COUNT
month,0.0278056959202322,kohima,2021,truck,F,COUNT
day,0.0573858025011755,kohima,2021,truck,F,COUNT
hour,0.3111807479575516,kohima,2021,truck,F,COUNT
day_of_week,0.0528005196301859,kohima,2021,truck,F,COUNT
week_of_year,0.1474290176794562,kohima,2021,truck,F,COUNT
quarter,0.0,kohima,2021,truck,F,COUNT
part_of_day,0.0,kohima,2021,truck,F,COUNT
FUNC_CLASS,0.0205029399680775,kohima,2021,truck,F,COUNT
SPEED_CAT,0.0193365435734841,kohima,2021,truck,F,COUNT
LANE_CAT,0.0,kohima,2021,truck,F,COUNT
mean_variable_annual,0.5605391674083563,kohima,2021,truck,F,MEAN
month,0.0800011377033855,kohima,2021,truck,F,MEAN
day,0.0374275391588247,kohima,2021,truck,F,MEAN
hour,0.1006876893857566,kohima,2021,truck,F,MEAN
day_of_week,0.0596324479638543,kohima,2021,truck,F,MEAN
week_of_year,0.1425706044331504,kohima,2021,truck,F,MEAN
quarter,0.0,kohima,2021,truck,F,MEAN
part_of_day,0.0051278718102445,kohima,2021,truck,F,MEAN
FUNC_CLASS,0.0035795998571958,kohima,2021,truck,F,MEAN
SPEED_CAT,0.0104209956103549,kohima,2021,truck,F,MEAN
LANE_CAT,1.2946668876623567e-05,kohima,2021,truck,F,MEAN
mean_variable_annual,0.3565267070025379,kolkata,2021,car,F,COUNT
month,0.0757967168714456,kolkata,2021,car,F,COUNT
day,0.0144099663243421,kolkata,2021,car,F,COUNT
hour,0.2158652286565232,kolkata,2021,car,F,COUNT
day_of_week,0.0325208516491061,kolkata,2021,car,F,COUNT
week_of_year,0.2143774396281056,kolkata,2021,car,F,COUNT
quarter,0.0422602028754872,kolkata,2021,car,F,COUNT
part_of_day,0.0107809796945518,kolkata,2021,car,F,COUNT
FUNC_CLASS,0.0155590040628409,kolkata,2021,car,F,COUNT
SPEED_CAT,0.0037252407191752,kolkata,2021,car,F,COUNT
LANE_CAT,0.0181776625158838,kolkata,2021,car,F,COUNT
mean_variable_annual,0.5443651637671394,kolkata,2021,car,F,MEAN
month,0.0467002266098442,kolkata,2021,car,F,MEAN
day,0.0095366864591378,kolkata,2021,car,F,MEAN
hour,0.2385102240207896,kolkata,2021,car,F,MEAN
day_of_week,0.0277063438395294,kolkata,2021,car,F,MEAN
week_of_year,0.064993057626539,kolkata,2021,car,F,MEAN
quarter,0.0172389473922075,kolkata,2021,car,F,MEAN
part_of_day,0.0114901209480606,kolkata,2021,car,F,MEAN
FUNC_CLASS,0.0116089111391275,kolkata,2021,car,F,MEAN
SPEED_CAT,0.0146208068803318,kolkata,2021,car,F,MEAN
LANE_CAT,0.0132295113172927,kolkata,2021,car,F,MEAN
mean_variable_annual,0.5090436988423709,kolkata,2021,truck,F,COUNT
month,0.0242677624391612,kolkata,2021,truck,F,COUNT
day,0.022695211174584,kolkata,2021,truck,F,COUNT
hour,0.2213845658261799,kolkata,2021,truck,F,COUNT
day_of_week,0.1138749595629461,kolkata,2021,truck,F,COUNT
week_of_year,0.072929962960649,kolkata,2021,truck,F,COUNT
quarter,0.0022492004761579,kolkata,2021,truck,F,COUNT
part_of_day,0.0003141572284759,kolkata,2021,truck,F,COUNT
FUNC_CLASS,0.0071341382311425,kolkata,2021,truck,F,COUNT
SPEED_CAT,0.011011919545754,kolkata,2021,truck,F,COUNT
LANE_CAT,0.0150944237125784,kolkata,2021,truck,F,COUNT
mean_variable_annual,0.6360882826497,kolkata,2021,truck,F,MEAN
month,0.031225066995164,kolkata,2021,truck,F,MEAN
day,0.0085941530170276,kolkata,2021,truck,F,MEAN
hour,0.1898845858170872,kolkata,2021,truck,F,MEAN
day_of_week,0.0366110751790425,kolkata,2021,truck,F,MEAN
week_of_year,0.0750306285138764,kolkata,2021,truck,F,MEAN
quarter,0.0034762170528876,kolkata,2021,truck,F,MEAN
part_of_day,0.0033227106954804,kolkata,2021,truck,F,MEAN
FUNC_CLASS,0.0089183937373851,kolkata,2021,truck,F,MEAN
SPEED_CAT,0.0017081728082819,kolkata,2021,truck,F,MEAN
LANE_CAT,0.0051407135340669,kolkata,2021,truck,F,MEAN
mean_variable_annual,0.3504001162406956,lucknow,2021,car,F,COUNT
month,0.1248473199977166,lucknow,2021,car,F,COUNT
day,0.0146873688737471,lucknow,2021,car,F,COUNT
hour,0.1023910986809679,lucknow,2021,car,F,COUNT
day_of_week,0.0173904376415176,lucknow,2021,car,F,COUNT
week_of_year,0.2329501812877017,lucknow,2021,car,F,COUNT
quarter,0.0187572956111989,lucknow,2021,car,F,COUNT
part_of_day,0.0064182200800841,lucknow,2021,car,F,COUNT
FUNC_CLASS,0.0398916258375721,lucknow,2021,car,F,COUNT
SPEED_CAT,0.0250801941763343,lucknow,2021,car,F,COUNT
LANE_CAT,0.0671861415724636,lucknow,2021,car,F,COUNT
mean_variable_annual,0.5714618493091859,lucknow,2021,car,F,MEAN
month,0.0377362230671238,lucknow,2021,car,F,MEAN
day,0.0042855621665648,lucknow,2021,car,F,MEAN
hour,0.2318954071331997,lucknow,2021,car,F,MEAN
day_of_week,0.0138250637306996,lucknow,2021,car,F,MEAN
week_of_year,0.0794474043697253,lucknow,2021,car,F,MEAN
quarter,0.0027593132092434,lucknow,2021,car,F,MEAN
part_of_day,0.0252230325974425,lucknow,2021,car,F,MEAN
FUNC_CLASS,0.017848642942872,lucknow,2021,car,F,MEAN
SPEED_CAT,0.004914563942955,lucknow,2021,car,F,MEAN
LANE_CAT,0.0106029375309876,lucknow,2021,car,F,MEAN
mean_variable_annual,0.4235155579402989,lucknow,2021,truck,F,COUNT
month,0.0591088307394819,lucknow,2021,truck,F,COUNT
day,0.0117416701200264,lucknow,2021,truck,F,COUNT
hour,0.0932421401878185,lucknow,2021,truck,F,COUNT
day_of_week,0.0230768367595955,lucknow,2021,truck,F,COUNT
week_of_year,0.2944524380723011,lucknow,2021,truck,F,COUNT
quarter,0.0148627838655107,lucknow,2021,truck,F,COUNT
part_of_day,0.0023551844796161,lucknow,2021,truck,F,COUNT
FUNC_CLASS,0.0345016703194731,lucknow,2021,truck,F,COUNT
SPEED_CAT,0.0245756003078952,lucknow,2021,truck,F,COUNT
LANE_CAT,0.0185672872079823,lucknow,2021,truck,F,COUNT
mean_variable_annual,0.5427448821888717,lucknow,2021,truck,F,MEAN
month,0.0450039207094971,lucknow,2021,truck,F,MEAN
day,0.008914537232952,lucknow,2021,truck,F,MEAN
hour,0.2465061577986214,lucknow,2021,truck,F,MEAN
day_of_week,0.0116774259167818,lucknow,2021,truck,F,MEAN
week_of_year,0.1098344273240234,lucknow,2021,truck,F,MEAN
quarter,0.005123954774842,lucknow,2021,truck,F,MEAN
part_of_day,0.0003084022712637,lucknow,2021,truck,F,MEAN
FUNC_CLASS,0.0159977187208529,lucknow,2021,truck,F,MEAN
SPEED_CAT,0.0063058096231501,lucknow,2021,truck,F,MEAN
LANE_CAT,0.0075827634391434,lucknow,2021,truck,F,MEAN
mean_variable_annual,0.4527374781311521,madurai,2021,car,F,COUNT
month,0.0829397165155682,madurai,2021,car,F,COUNT
day,0.0158536693931565,madurai,2021,car,F,COUNT
hour,0.1749395429503536,madurai,2021,car,F,COUNT
day_of_week,0.0486618960772636,madurai,2021,car,F,COUNT
week_of_year,0.1585369194569418,madurai,2021,car,F,COUNT
quarter,0.0042622066511614,madurai,2021,car,F,COUNT
part_of_day,0.0142227500002642,madurai,2021,car,F,COUNT
FUNC_CLASS,0.0221357135464106,madurai,2021,car,F,COUNT
SPEED_CAT,0.0067398103125985,madurai,2021,car,F,COUNT
LANE_CAT,0.018970296965129,madurai,2021,car,F,COUNT
mean_variable_annual,0.6658195692959946,madurai,2021,car,F,MEAN
month,0.0162978142080891,madurai,2021,car,F,MEAN
day,0.0128602799659935,madurai,2021,car,F,MEAN
hour,0.1888489619041576,madurai,2021,car,F,MEAN
day_of_week,0.0379264611018261,madurai,2021,car,F,MEAN
week_of_year,0.0542131984606339,madurai,2021,car,F,MEAN
quarter,0.0007453402896108,madurai,2021,car,F,MEAN
part_of_day,0.0102071880113752,madurai,2021,car,F,MEAN
FUNC_CLASS,0.0063373294068307,madurai,2021,car,F,MEAN
SPEED_CAT,0.0015069977415044,madurai,2021,car,F,MEAN
LANE_CAT,0.0052368596139837,madurai,2021,car,F,MEAN
mean_variable_annual,0.4922331497799329,madurai,2021,truck,F,COUNT
month,0.0557959177159303,madurai,2021,truck,F,COUNT
day,0.0197717868071345,madurai,2021,truck,F,COUNT
hour,0.2470805677844201,madurai,2021,truck,F,COUNT
day_of_week,0.0707771521193172,madurai,2021,truck,F,COUNT
week_of_year,0.080248285698374,madurai,2021,truck,F,COUNT
quarter,0.002561082694537,madurai,2021,truck,F,COUNT
part_of_day,0.0053004460378247,madurai,2021,truck,F,COUNT
FUNC_CLASS,0.0140553917392708,madurai,2021,truck,F,COUNT
SPEED_CAT,0.0040378858738231,madurai,2021,truck,F,COUNT
LANE_CAT,0.008138333749435,madurai,2021,truck,F,COUNT
mean_variable_annual,0.6762204870014951,madurai,2021,truck,F,MEAN
month,0.0091955034864738,madurai,2021,truck,F,MEAN
day,0.0095172157354862,madurai,2021,truck,F,MEAN
hour,0.1866291455262283,madurai,2021,truck,F,MEAN
day_of_week,0.028092400630186,madurai,2021,truck,F,MEAN
week_of_year,0.0679245991548837,madurai,2021,truck,F,MEAN
quarter,0.0003370554835857,madurai,2021,truck,F,MEAN
part_of_day,0.0067430075531149,madurai,2021,truck,F,MEAN
FUNC_CLASS,0.0075444356168238,madurai,2021,truck,F,MEAN
SPEED_CAT,0.0037838454909152,madurai,2021,truck,F,MEAN
LANE_CAT,0.0040123043208066,madurai,2021,truck,F,MEAN
mean_variable_annual,0.3821676028793899,mangaluru,2021,car,F,COUNT
month,0.0950071692422529,mangaluru,2021,car,F,COUNT
day,0.0110620468085177,mangaluru,2021,car,F,COUNT
hour,0.2318991569000488,mangaluru,2021,car,F,COUNT
day_of_week,0.0313303611011035,mangaluru,2021,car,F,COUNT
week_of_year,0.1760895994367099,mangaluru,2021,car,F,COUNT
quarter,0.0131099350964993,mangaluru,2021,car,F,COUNT
part_of_day,0.0221305307589497,mangaluru,2021,car,F,COUNT
FUNC_CLASS,0.0135562788316324,mangaluru,2021,car,F,COUNT
SPEED_CAT,0.0214808226056964,mangaluru,2021,car,F,COUNT
LANE_CAT,0.0021664963391988,mangaluru,2021,car,F,COUNT
mean_variable_annual,0.612775409275285,mangaluru,2021,car,F,MEAN
month,0.0527990325108582,mangaluru,2021,car,F,MEAN
day,0.0035446120841048,mangaluru,2021,car,F,MEAN
hour,0.2351016599239055,mangaluru,2021,car,F,MEAN
day_of_week,0.0203501629138593,mangaluru,2021,car,F,MEAN
week_of_year,0.0393901688999904,mangaluru,2021,car,F,MEAN
quarter,0.0060759924927707,mangaluru,2021,car,F,MEAN
part_of_day,0.0062466531719306,mangaluru,2021,car,F,MEAN
FUNC_CLASS,0.0120456068399943,mangaluru,2021,car,F,MEAN
SPEED_CAT,0.0091457639470009,mangaluru,2021,car,F,MEAN
LANE_CAT,0.0025249379402999,mangaluru,2021,car,F,MEAN
mean_variable_annual,0.3806057311129948,mangaluru,2021,truck,F,COUNT
month,0.1069807739675472,mangaluru,2021,truck,F,COUNT
day,0.0173652361496095,mangaluru,2021,truck,F,COUNT
hour,0.2447698698802656,mangaluru,2021,truck,F,COUNT
day_of_week,0.0662998724607257,mangaluru,2021,truck,F,COUNT
week_of_year,0.1039964371466796,mangaluru,2021,truck,F,COUNT
quarter,0.0045426831527419,mangaluru,2021,truck,F,COUNT
part_of_day,0.0064337291681814,mangaluru,2021,truck,F,COUNT
FUNC_CLASS,0.0237665694399874,mangaluru,2021,truck,F,COUNT
SPEED_CAT,0.0185011138208868,mangaluru,2021,truck,F,COUNT
LANE_CAT,0.0267379837003799,mangaluru,2021,truck,F,COUNT
mean_variable_annual,0.6875230141999135,mangaluru,2021,truck,F,MEAN
month,0.0095010735578215,mangaluru,2021,truck,F,MEAN
day,0.0094309843117886,mangaluru,2021,truck,F,MEAN
hour,0.1873728612610289,mangaluru,2021,truck,F,MEAN
day_of_week,0.0281513961499175,mangaluru,2021,truck,F,MEAN
week_of_year,0.0403412059686161,mangaluru,2021,truck,F,MEAN
quarter,0.0030672521038401,mangaluru,2021,truck,F,MEAN
part_of_day,0.0118607062990138,mangaluru,2021,truck,F,MEAN
FUNC_CLASS,0.0093467971174278,mangaluru,2021,truck,F,MEAN
SPEED_CAT,0.0074504827342429,mangaluru,2021,truck,F,MEAN
LANE_CAT,0.0059542262963889,mangaluru,2021,truck,F,MEAN
mean_variable_annual,0.4784294769565716,meerut,2021,car,F,COUNT
month,0.114653783227733,meerut,2021,car,F,COUNT
day,0.0187886621982973,meerut,2021,car,F,COUNT
hour,0.0483415682435673,meerut,2021,car,F,COUNT
day_of_week,0.0202205346195635,meerut,2021,car,F,COUNT
week_of_year,0.2493859951602793,meerut,2021,car,F,COUNT
quarter,0.0122693716355789,meerut,2021,car,F,COUNT
part_of_day,0.0016756028983,meerut,2021,car,F,COUNT
FUNC_CLASS,0.0395486448400176,meerut,2021,car,F,COUNT
SPEED_CAT,0.0078178371861742,meerut,2021,car,F,COUNT
LANE_CAT,0.0088685230339167,meerut,2021,car,F,COUNT
mean_variable_annual,0.6609502314723212,meerut,2021,car,F,MEAN
month,0.0196505689622887,meerut,2021,car,F,MEAN
day,0.0056444062860558,meerut,2021,car,F,MEAN
hour,0.1796038366781689,meerut,2021,car,F,MEAN
day_of_week,0.0234821706350436,meerut,2021,car,F,MEAN
week_of_year,0.0691732651230935,meerut,2021,car,F,MEAN
quarter,0.000576655841996,meerut,2021,car,F,MEAN
part_of_day,0.013696933751025,meerut,2021,car,F,MEAN
FUNC_CLASS,0.0141311154717883,meerut,2021,car,F,MEAN
SPEED_CAT,0.0082784289585091,meerut,2021,car,F,MEAN
LANE_CAT,0.0048123868197095,meerut,2021,car,F,MEAN
mean_variable_annual,0.6019309889501951,meerut,2021,truck,F,COUNT
month,0.0427617346129808,meerut,2021,truck,F,COUNT
day,0.0123984860541737,meerut,2021,truck,F,COUNT
hour,0.0689513869265178,meerut,2021,truck,F,COUNT
day_of_week,0.0264645496264157,meerut,2021,truck,F,COUNT
week_of_year,0.1797440668949866,meerut,2021,truck,F,COUNT
quarter,0.0016829565662479,meerut,2021,truck,F,COUNT
part_of_day,0.0010220345387802,meerut,2021,truck,F,COUNT
FUNC_CLASS,0.0490801280222077,meerut,2021,truck,F,COUNT
SPEED_CAT,0.0078110535542552,meerut,2021,truck,F,COUNT
LANE_CAT,0.0081526142532386,meerut,2021,truck,F,COUNT
mean_variable_annual,0.6535446046553557,meerut,2021,truck,F,MEAN
month,0.0164208890840908,meerut,2021,truck,F,MEAN
day,0.0078937607512858,meerut,2021,truck,F,MEAN
hour,0.1828953590117644,meerut,2021,truck,F,MEAN
day_of_week,0.021180447787043,meerut,2021,truck,F,MEAN
week_of_year,0.0713029228377437,meerut,2021,truck,F,MEAN
quarter,0.0014563403607984,meerut,2021,truck,F,MEAN
part_of_day,0.0172063889559326,meerut,2021,truck,F,MEAN
FUNC_CLASS,0.0133040474233667,meerut,2021,truck,F,MEAN
SPEED_CAT,0.0097900936718495,meerut,2021,truck,F,MEAN
LANE_CAT,0.005005145460769,meerut,2021,truck,F,MEAN
mean_variable_annual,0.4231835229969252,mumbai,2021,car,F,COUNT
month,0.0793910420789204,mumbai,2021,car,F,COUNT
day,0.0118879466656766,mumbai,2021,car,F,COUNT
hour,0.1435479351479997,mumbai,2021,car,F,COUNT
day_of_week,0.030231742351202,mumbai,2021,car,F,COUNT
week_of_year,0.2451751979439226,mumbai,2021,car,F,COUNT
quarter,0.0339001984321296,mumbai,2021,car,F,COUNT
part_of_day,0.0127932823073109,mumbai,2021,car,F,COUNT
FUNC_CLASS,0.011683008613442,mumbai,2021,car,F,COUNT
SPEED_CAT,0.0023130003827766,mumbai,2021,car,F,COUNT
LANE_CAT,0.0058931230796938,mumbai,2021,car,F,COUNT
mean_variable_annual,0.618959120457952,mumbai,2021,car,F,MEAN
month,0.0201963181389067,mumbai,2021,car,F,MEAN
day,0.0043287400054615,mumbai,2021,car,F,MEAN
hour,0.245891977335027,mumbai,2021,car,F,MEAN
day_of_week,0.0220240075937557,mumbai,2021,car,F,MEAN
week_of_year,0.0429282795980081,mumbai,2021,car,F,MEAN
quarter,0.0032118351464095,mumbai,2021,car,F,MEAN
part_of_day,0.0255354249152072,mumbai,2021,car,F,MEAN
FUNC_CLASS,0.0088380074155226,mumbai,2021,car,F,MEAN
SPEED_CAT,0.0052285749571023,mumbai,2021,car,F,MEAN
LANE_CAT,0.002857714436647,mumbai,2021,car,F,MEAN
mean_variable_annual,0.563385786357078,mumbai,2021,truck,F,COUNT
month,0.0452796040010057,mumbai,2021,truck,F,COUNT
day,0.0084929957405603,mumbai,2021,truck,F,COUNT
hour,0.1747209410318495,mumbai,2021,truck,F,COUNT
day_of_week,0.0589609686523081,mumbai,2021,truck,F,COUNT
week_of_year,0.1010105848572345,mumbai,2021,truck,F,COUNT
quarter,0.0091054487123613,mumbai,2021,truck,F,COUNT
part_of_day,0.0119370916371056,mumbai,2021,truck,F,COUNT
FUNC_CLASS,0.0169686489559178,mumbai,2021,truck,F,COUNT
SPEED_CAT,0.0050810053107014,mumbai,2021,truck,F,COUNT
LANE_CAT,0.0050569247438772,mumbai,2021,truck,F,COUNT
mean_variable_annual,0.6228090160948327,mumbai,2021,truck,F,MEAN
month,0.0197557087078366,mumbai,2021,truck,F,MEAN
day,0.0061435699248037,mumbai,2021,truck,F,MEAN
hour,0.2217851533725003,mumbai,2021,truck,F,MEAN
day_of_week,0.0261801781903921,mumbai,2021,truck,F,MEAN
week_of_year,0.0581534055521143,mumbai,2021,truck,F,MEAN
quarter,0.0005362243235835,mumbai,2021,truck,F,MEAN
part_of_day,0.0305873145736371,mumbai,2021,truck,F,MEAN
FUNC_CLASS,0.0089408670437829,mumbai,2021,truck,F,MEAN
SPEED_CAT,0.0029645363262549,mumbai,2021,truck,F,MEAN
LANE_CAT,0.0021440258902612,mumbai,2021,truck,F,MEAN
mean_variable_annual,0.3540972337730715,mysuru,2021,car,F,COUNT
month,0.1000563492907551,mysuru,2021,car,F,COUNT
day,0.0041541959818255,mysuru,2021,car,F,COUNT
hour,0.2617512731655108,mysuru,2021,car,F,COUNT
day_of_week,0.023070597432963,mysuru,2021,car,F,COUNT
week_of_year,0.1777477255938916,mysuru,2021,car,F,COUNT
quarter,0.0076919154722936,mysuru,2021,car,F,COUNT
part_of_day,0.0068921252278097,mysuru,2021,car,F,COUNT
FUNC_CLASS,0.0341433014865455,mysuru,2021,car,F,COUNT
SPEED_CAT,0.0083090057518509,mysuru,2021,car,F,COUNT
LANE_CAT,0.0220862768234824,mysuru,2021,car,F,COUNT
mean_variable_annual,0.6415221923051825,mysuru,2021,car,F,MEAN
month,0.0400495319251414,mysuru,2021,car,F,MEAN
day,0.0031681866068394,mysuru,2021,car,F,MEAN
hour,0.2125641913861528,mysuru,2021,car,F,MEAN
day_of_week,0.0147328703955407,mysuru,2021,car,F,MEAN
week_of_year,0.0580161707291931,mysuru,2021,car,F,MEAN
quarter,0.0011478238006907,mysuru,2021,car,F,MEAN
part_of_day,0.0118624386006998,mysuru,2021,car,F,MEAN
FUNC_CLASS,0.0098055709053072,mysuru,2021,car,F,MEAN
SPEED_CAT,0.0024495876960478,mysuru,2021,car,F,MEAN
LANE_CAT,0.0046814356492043,mysuru,2021,car,F,MEAN
mean_variable_annual,0.4973105761172778,mysuru,2021,truck,F,COUNT
month,0.0300115140183453,mysuru,2021,truck,F,COUNT
day,0.0201288963696943,mysuru,2021,truck,F,COUNT
hour,0.1786858389878515,mysuru,2021,truck,F,COUNT
day_of_week,0.0678558225399142,mysuru,2021,truck,F,COUNT
week_of_year,0.1516809384298711,mysuru,2021,truck,F,COUNT
quarter,0.0059561439699159,mysuru,2021,truck,F,COUNT
part_of_day,0.0044952056946627,mysuru,2021,truck,F,COUNT
FUNC_CLASS,0.0169824209024164,mysuru,2021,truck,F,COUNT
SPEED_CAT,0.0161391905288861,mysuru,2021,truck,F,COUNT
LANE_CAT,0.0107534524411641,mysuru,2021,truck,F,COUNT
mean_variable_annual,0.6767284004456117,mysuru,2021,truck,F,MEAN
month,0.0165224982958823,mysuru,2021,truck,F,MEAN
day,0.0058309805093686,mysuru,2021,truck,F,MEAN
hour,0.1654824403756727,mysuru,2021,truck,F,MEAN
day_of_week,0.0135207998863956,mysuru,2021,truck,F,MEAN
week_of_year,0.0688924625406622,mysuru,2021,truck,F,MEAN
quarter,0.0008225982646271,mysuru,2021,truck,F,MEAN
part_of_day,0.0097639410867204,mysuru,2021,truck,F,MEAN
FUNC_CLASS,0.0227633316138546,mysuru,2021,truck,F,MEAN
SPEED_CAT,0.0102044314502466,mysuru,2021,truck,F,MEAN
LANE_CAT,0.0094681155309578,mysuru,2021,truck,F,MEAN
mean_variable_annual,0.4197785033736168,patna,2021,car,F,COUNT
month,0.15947004314017,patna,2021,car,F,COUNT
day,0.0117251758615806,patna,2021,car,F,COUNT
hour,0.1785142613097279,patna,2021,car,F,COUNT
day_of_week,0.0199689847193638,patna,2021,car,F,COUNT
week_of_year,0.130435680794909,patna,2021,car,F,COUNT
quarter,0.0237616610881092,patna,2021,car,F,COUNT
part_of_day,0.0060380364088649,patna,2021,car,F,COUNT
FUNC_CLASS,0.0261281284798615,patna,2021,car,F,COUNT
SPEED_CAT,0.011878748257321,patna,2021,car,F,COUNT
LANE_CAT,0.0123007765664748,patna,2021,car,F,COUNT
mean_variable_annual,0.5692831632554319,patna,2021,car,F,MEAN
month,0.0493420642513734,patna,2021,car,F,MEAN
day,0.0112674987834637,patna,2021,car,F,MEAN
hour,0.2312793632647162,patna,2021,car,F,MEAN
day_of_week,0.0231671323810726,patna,2021,car,F,MEAN
week_of_year,0.0777725452232147,patna,2021,car,F,MEAN
quarter,0.0016878908366708,patna,2021,car,F,MEAN
part_of_day,0.0107068848143872,patna,2021,car,F,MEAN
FUNC_CLASS,0.0128760687694176,patna,2021,car,F,MEAN
SPEED_CAT,0.0082188604246692,patna,2021,car,F,MEAN
LANE_CAT,0.0043985279955823,patna,2021,car,F,MEAN
mean_variable_annual,0.529674912667988,patna,2021,truck,F,COUNT
month,0.0376622264485006,patna,2021,truck,F,COUNT
day,0.0116244251270803,patna,2021,truck,F,COUNT
hour,0.1377906638822373,patna,2021,truck,F,COUNT
day_of_week,0.0442933111126802,patna,2021,truck,F,COUNT
week_of_year,0.1847648170444602,patna,2021,truck,F,COUNT
quarter,0.0092470803433823,patna,2021,truck,F,COUNT
part_of_day,0.0018859078811627,patna,2021,truck,F,COUNT
FUNC_CLASS,0.0244166073676147,patna,2021,truck,F,COUNT
SPEED_CAT,0.0066625323909119,patna,2021,truck,F,COUNT
LANE_CAT,0.0119775157339811,patna,2021,truck,F,COUNT
mean_variable_annual,0.581266308251785,patna,2021,truck,F,MEAN
month,0.0546605195414117,patna,2021,truck,F,MEAN
day,0.0099032876189016,patna,2021,truck,F,MEAN
hour,0.2117224818062837,patna,2021,truck,F,MEAN
day_of_week,0.0189486422985862,patna,2021,truck,F,MEAN
week_of_year,0.0741303034981859,patna,2021,truck,F,MEAN
quarter,0.0062634695084156,patna,2021,truck,F,MEAN
part_of_day,0.0202601710025658,patna,2021,truck,F,MEAN
FUNC_CLASS,0.0145646539672945,patna,2021,truck,F,MEAN
SPEED_CAT,0.0056883523933723,patna,2021,truck,F,MEAN
LANE_CAT,0.0025918101131972,patna,2021,truck,F,MEAN
mean_variable_annual,0.4900300058280172,pune,2021,car,F,COUNT
month,0.0707737656815929,pune,2021,car,F,COUNT
day,0.0092905056287211,pune,2021,car,F,COUNT
hour,0.1212862669840029,pune,2021,car,F,COUNT
day_of_week,0.0239979783248381,pune,2021,car,F,COUNT
week_of_year,0.2544387654046306,pune,2021,car,F,COUNT
quarter,0.0071851665875507,pune,2021,car,F,COUNT
part_of_day,0.0011304250006456,pune,2021,car,F,COUNT
FUNC_CLASS,0.0127183319299275,pune,2021,car,F,COUNT
SPEED_CAT,0.0038680533877652,pune,2021,car,F,COUNT
LANE_CAT,0.0052807352423078,pune,2021,car,F,COUNT
mean_variable_annual,0.5962872597696823,pune,2021,car,F,MEAN
month,0.0283273900897349,pune,2021,car,F,MEAN
day,0.0048219197795081,pune,2021,car,F,MEAN
hour,0.2679633221498241,pune,2021,car,F,MEAN
day_of_week,0.0199512099134316,pune,2021,car,F,MEAN
week_of_year,0.0514991616960289,pune,2021,car,F,MEAN
quarter,0.0017364369908508,pune,2021,car,F,MEAN
part_of_day,0.0148766349068966,pune,2021,car,F,MEAN
FUNC_CLASS,0.0089279734279811,pune,2021,car,F,MEAN
SPEED_CAT,0.0045191789770926,pune,2021,car,F,MEAN
LANE_CAT,0.0010895122989684,pune,2021,car,F,MEAN
mean_variable_annual,0.6007465752435482,pune,2021,truck,F,COUNT
month,0.050502393556373,pune,2021,truck,F,COUNT
day,0.0208880407374161,pune,2021,truck,F,COUNT
hour,0.105925153990903,pune,2021,truck,F,COUNT
day_of_week,0.0615051930230401,pune,2021,truck,F,COUNT
week_of_year,0.1252236124237145,pune,2021,truck,F,COUNT
quarter,0.0083737930639444,pune,2021,truck,F,COUNT
part_of_day,0.0029498310000903,pune,2021,truck,F,COUNT
FUNC_CLASS,0.0108844253680803,pune,2021,truck,F,COUNT
SPEED_CAT,0.0060120128482218,pune,2021,truck,F,COUNT
LANE_CAT,0.0069889687446677,pune,2021,truck,F,COUNT
mean_variable_annual,0.6229025400825491,pune,2021,truck,F,MEAN
month,0.0109958991627165,pune,2021,truck,F,MEAN
day,0.0048198862171891,pune,2021,truck,F,MEAN
hour,0.2352344036150158,pune,2021,truck,F,MEAN
day_of_week,0.0232730079247586,pune,2021,truck,F,MEAN
week_of_year,0.0649193600044776,pune,2021,truck,F,MEAN
quarter,0.0014728906532059,pune,2021,truck,F,MEAN
part_of_day,0.0202662382822656,pune,2021,truck,F,MEAN
FUNC_CLASS,0.0078366003487702,pune,2021,truck,F,MEAN
SPEED_CAT,0.0058329867888308,pune,2021,truck,F,MEAN
LANE_CAT,0.0024461869202205,pune,2021,truck,F,MEAN
mean_variable_annual,0.3317494816833121,ranchi,2021,car,F,COUNT
month,0.1018935763258815,ranchi,2021,car,F,COUNT
day,0.0177122380406189,ranchi,2021,car,F,COUNT
hour,0.1532019194685611,ranchi,2021,car,F,COUNT
day_of_week,0.0142470022878625,ranchi,2021,car,F,COUNT
week_of_year,0.2674048364662624,ranchi,2021,car,F,COUNT
quarter,0.021316050049087,ranchi,2021,car,F,COUNT
part_of_day,0.0015664229750394,ranchi,2021,car,F,COUNT
FUNC_CLASS,0.0419495002941161,ranchi,2021,car,F,COUNT
SPEED_CAT,0.0203278108552532,ranchi,2021,car,F,COUNT
LANE_CAT,0.0286311615540054,ranchi,2021,car,F,COUNT
mean_variable_annual,0.5679559934039197,ranchi,2021,car,F,MEAN
month,0.0498880331471391,ranchi,2021,car,F,MEAN
day,0.007291520552306,ranchi,2021,car,F,MEAN
hour,0.2094032726688661,ranchi,2021,car,F,MEAN
day_of_week,0.0338756123842388,ranchi,2021,car,F,MEAN
week_of_year,0.0815921125824579,ranchi,2021,car,F,MEAN
quarter,0.0054812213731438,ranchi,2021,car,F,MEAN
part_of_day,0.0168106570623371,ranchi,2021,car,F,MEAN
FUNC_CLASS,0.0151148886975792,ranchi,2021,car,F,MEAN
SPEED_CAT,0.005419374127349,ranchi,2021,car,F,MEAN
LANE_CAT,0.0071673140006624,ranchi,2021,car,F,MEAN
mean_variable_annual,0.403289857805231,ranchi,2021,truck,F,COUNT
month,0.0678752433768005,ranchi,2021,truck,F,COUNT
day,0.0148776100209959,ranchi,2021,truck,F,COUNT
hour,0.1731692142803569,ranchi,2021,truck,F,COUNT
day_of_week,0.0489705653239919,ranchi,2021,truck,F,COUNT
week_of_year,0.2252083910260487,ranchi,2021,truck,F,COUNT
quarter,0.0049297481856514,ranchi,2021,truck,F,COUNT
part_of_day,0.0017515421682328,ranchi,2021,truck,F,COUNT
FUNC_CLASS,0.0252224423987341,ranchi,2021,truck,F,COUNT
SPEED_CAT,0.0139273112243001,ranchi,2021,truck,F,COUNT
LANE_CAT,0.0207780741896561,ranchi,2021,truck,F,COUNT
mean_variable_annual,0.5770258829271462,ranchi,2021,truck,F,MEAN
month,0.0553553461089467,ranchi,2021,truck,F,MEAN
day,0.0096423970422799,ranchi,2021,truck,F,MEAN
hour,0.187161431399346,ranchi,2021,truck,F,MEAN
day_of_week,0.0298668553955129,ranchi,2021,truck,F,MEAN
week_of_year,0.0936256398239793,ranchi,2021,truck,F,MEAN
quarter,0.008314513801578,ranchi,2021,truck,F,MEAN
part_of_day,0.0156921418462198,ranchi,2021,truck,F,MEAN
FUNC_CLASS,0.0147214327732123,ranchi,2021,truck,F,MEAN
SPEED_CAT,0.0041962691597104,ranchi,2021,truck,F,MEAN
LANE_CAT,0.0043980897220682,ranchi,2021,truck,F,MEAN
mean_variable_annual,0.3758731865172279,rourkela,2021,car,F,COUNT
month,0.091380023017554,rourkela,2021,car,F,COUNT
day,0.0515393556597122,rourkela,2021,car,F,COUNT
hour,0.169974864960077,rourkela,2021,car,F,COUNT
day_of_week,0.0295923837776411,rourkela,2021,car,F,COUNT
week_of_year,0.1935275286739219,rourkela,2021,car,F,COUNT
quarter,0.0,rourkela,2021,car,F,COUNT
part_of_day,0.0,rourkela,2021,car,F,COUNT
FUNC_CLASS,0.0398816725179198,rourkela,2021,car,F,COUNT
SPEED_CAT,0.0383845400744503,rourkela,2021,car,F,COUNT
LANE_CAT,0.0098464448014954,rourkela,2021,car,F,COUNT
mean_variable_annual,0.6544762658300578,rourkela,2021,car,F,MEAN
month,0.0181770604254508,rourkela,2021,car,F,MEAN
day,0.0247028385511552,rourkela,2021,car,F,MEAN
hour,0.1205457470514205,rourkela,2021,car,F,MEAN
day_of_week,0.0362806285244758,rourkela,2021,car,F,MEAN
week_of_year,0.0729639163944727,rourkela,2021,car,F,MEAN
quarter,0.0012032298153191,rourkela,2021,car,F,MEAN
part_of_day,0.0077135909295109,rourkela,2021,car,F,MEAN
FUNC_CLASS,0.0329928838194081,rourkela,2021,car,F,MEAN
SPEED_CAT,0.0046520360586554,rourkela,2021,car,F,MEAN
LANE_CAT,0.0262918026000733,rourkela,2021,car,F,MEAN
mean_variable_annual,0.4820692407547674,rourkela,2021,truck,F,COUNT
month,0.1599587587266809,rourkela,2021,truck,F,COUNT
day,0.034752523283616,rourkela,2021,truck,F,COUNT
hour,0.1328760308690687,rourkela,2021,truck,F,COUNT
day_of_week,0.0322945626838714,rourkela,2021,truck,F,COUNT
week_of_year,0.1015765454350416,rourkela,2021,truck,F,COUNT
quarter,0.0085889043358338,rourkela,2021,truck,F,COUNT
part_of_day,0.0019778902262558,rourkela,2021,truck,F,COUNT
FUNC_CLASS,0.0341534081676708,rourkela,2021,truck,F,COUNT
SPEED_CAT,0.0068218140927108,rourkela,2021,truck,F,COUNT
LANE_CAT,0.0049303214244824,rourkela,2021,truck,F,COUNT
mean_variable_annual,0.6837421329470954,rourkela,2021,truck,F,MEAN
month,0.0357430153434707,rourkela,2021,truck,F,MEAN
day,0.0088721950305452,rourkela,2021,truck,F,MEAN
hour,0.1288852723021414,rourkela,2021,truck,F,MEAN
day_of_week,0.0260689723415243,rourkela,2021,truck,F,MEAN
week_of_year,0.0476174500489675,rourkela,2021,truck,F,MEAN
quarter,0.0017639215264979,rourkela,2021,truck,F,MEAN
part_of_day,0.0036274828457327,rourkela,2021,truck,F,MEAN
FUNC_CLASS,0.030308442813583,rourkela,2021,truck,F,MEAN
SPEED_CAT,0.0086538992087985,rourkela,2021,truck,F,MEAN
LANE_CAT,0.0247172155916429,rourkela,2021,truck,F,MEAN
mean_variable_annual,0.3632920078960803,shilong,2021,car,F,COUNT
month,0.0403032445832194,shilong,2021,car,F,COUNT
day,0.0371123883258724,shilong,2021,car,F,COUNT
hour,0.184333409790958,shilong,2021,car,F,COUNT
day_of_week,0.0352598345970326,shilong,2021,car,F,COUNT
week_of_year,0.1754149121425603,shilong,2021,car,F,COUNT
quarter,0.0,shilong,2021,car,F,COUNT
part_of_day,0.0,shilong,2021,car,F,COUNT
FUNC_CLASS,0.1133745186540691,shilong,2021,car,F,COUNT
SPEED_CAT,0.0441396854766621,shilong,2021,car,F,COUNT
LANE_CAT,0.0067699985335455,shilong,2021,car,F,COUNT
mean_variable_annual,0.4595678919998786,shilong,2021,car,F,MEAN
month,0.0163096193227409,shilong,2021,car,F,MEAN
day,0.0203794023631356,shilong,2021,car,F,MEAN
hour,0.2796475870582728,shilong,2021,car,F,MEAN
day_of_week,0.0762854791057667,shilong,2021,car,F,MEAN
week_of_year,0.0794198388832057,shilong,2021,car,F,MEAN
quarter,0.0014886071558453,shilong,2021,car,F,MEAN
part_of_day,0.001532053762418,shilong,2021,car,F,MEAN
FUNC_CLASS,0.038800608020347,shilong,2021,car,F,MEAN
SPEED_CAT,0.0188951991565984,shilong,2021,car,F,MEAN
LANE_CAT,0.0076737131717904,shilong,2021,car,F,MEAN
mean_variable_annual,0.3564289614653003,shilong,2021,truck,F,COUNT
month,0.1047317578020498,shilong,2021,truck,F,COUNT
day,0.0380579619150584,shilong,2021,truck,F,COUNT
hour,0.1426183610010148,shilong,2021,truck,F,COUNT
day_of_week,0.0214795476455156,shilong,2021,truck,F,COUNT
week_of_year,0.2271330486880439,shilong,2021,truck,F,COUNT
quarter,0.0060439947046812,shilong,2021,truck,F,COUNT
part_of_day,0.0014677744260905,shilong,2021,truck,F,COUNT
FUNC_CLASS,0.0724004919781752,shilong,2021,truck,F,COUNT
SPEED_CAT,0.0108083399858761,shilong,2021,truck,F,COUNT
LANE_CAT,0.0188297603881936,shilong,2021,truck,F,COUNT
mean_variable_annual,0.434424210415304,shilong,2021,truck,F,MEAN
month,0.0480358226810504,shilong,2021,truck,F,MEAN
day,0.0181325379964274,shilong,2021,truck,F,MEAN
hour,0.262223005599716,shilong,2021,truck,F,MEAN
day_of_week,0.0931428696286424,shilong,2021,truck,F,MEAN
week_of_year,0.0844534074859811,shilong,2021,truck,F,MEAN
quarter,0.0005608203015938,shilong,2021,truck,F,MEAN
part_of_day,0.0071624332033152,shilong,2021,truck,F,MEAN
FUNC_CLASS,0.0297128074776355,shilong,2021,truck,F,MEAN
SPEED_CAT,0.0120548558333097,shilong,2021,truck,F,MEAN
LANE_CAT,0.010097229377024,shilong,2021,truck,F,MEAN
mean_variable_annual,0.2890563645420926,shivamogga,2021,car,F,COUNT
month,0.1176026656787645,shivamogga,2021,car,F,COUNT
day,0.0136796299237796,shivamogga,2021,car,F,COUNT
hour,0.1963070581078759,shivamogga,2021,car,F,COUNT
day_of_week,0.0240533112052818,shivamogga,2021,car,F,COUNT
week_of_year,0.2760726233276563,shivamogga,2021,car,F,COUNT
quarter,0.0030691764168926,shivamogga,2021,car,F,COUNT
part_of_day,0.0018574871194007,shivamogga,2021,car,F,COUNT
FUNC_CLASS,0.01992954557298,shivamogga,2021,car,F,COUNT
SPEED_CAT,0.0444497196962742,shivamogga,2021,car,F,COUNT
LANE_CAT,0.0139224184090012,shivamogga,2021,car,F,COUNT
mean_variable_annual,0.6774583692404937,shivamogga,2021,car,F,MEAN
month,0.0188384013890889,shivamogga,2021,car,F,MEAN
day,0.0070294227974517,shivamogga,2021,car,F,MEAN
hour,0.2024724099019531,shivamogga,2021,car,F,MEAN
day_of_week,0.0204664682570615,shivamogga,2021,car,F,MEAN
week_of_year,0.0424568454654216,shivamogga,2021,car,F,MEAN
quarter,0.0050861659736069,shivamogga,2021,car,F,MEAN
part_of_day,0.0076725336141297,shivamogga,2021,car,F,MEAN
FUNC_CLASS,0.0067551800674245,shivamogga,2021,car,F,MEAN
SPEED_CAT,0.0061573236437406,shivamogga,2021,car,F,MEAN
LANE_CAT,0.0056068796496271,shivamogga,2021,car,F,MEAN
mean_variable_annual,0.3216461683547845,shivamogga,2021,truck,F,COUNT
month,0.0470455236191743,shivamogga,2021,truck,F,COUNT
day,0.0218356606598819,shivamogga,2021,truck,F,COUNT
hour,0.2389591331770051,shivamogga,2021,truck,F,COUNT
day_of_week,0.0852352919234526,shivamogga,2021,truck,F,COUNT
week_of_year,0.1891821470340689,shivamogga,2021,truck,F,COUNT
quarter,0.0017932970147557,shivamogga,2021,truck,F,COUNT
part_of_day,0.0079521612308509,shivamogga,2021,truck,F,COUNT
FUNC_CLASS,0.0305575661230693,shivamogga,2021,truck,F,COUNT
SPEED_CAT,0.0423062208735975,shivamogga,2021,truck,F,COUNT
LANE_CAT,0.013486829989359,shivamogga,2021,truck,F,COUNT
mean_variable_annual,0.6565511410031728,shivamogga,2021,truck,F,MEAN
month,0.011655377726665,shivamogga,2021,truck,F,MEAN
day,0.0088595056148377,shivamogga,2021,truck,F,MEAN
hour,0.1850988694242325,shivamogga,2021,truck,F,MEAN
day_of_week,0.0232553862796657,shivamogga,2021,truck,F,MEAN
week_of_year,0.0691612442953251,shivamogga,2021,truck,F,MEAN
quarter,0.0015264648262025,shivamogga,2021,truck,F,MEAN
part_of_day,0.0168813245894227,shivamogga,2021,truck,F,MEAN
FUNC_CLASS,0.0117013202728382,shivamogga,2021,truck,F,MEAN
SPEED_CAT,0.0106945148251458,shivamogga,2021,truck,F,MEAN
LANE_CAT,0.0046148511424917,shivamogga,2021,truck,F,MEAN
mean_variable_annual,0.4880378590954416,surat,2021,car,F,COUNT
month,0.0852831042196502,surat,2021,car,F,COUNT
day,0.0157077767539544,surat,2021,car,F,COUNT
hour,0.1382952202985,surat,2021,car,F,COUNT
day_of_week,0.0254034878363049,surat,2021,car,F,COUNT
week_of_year,0.1793221207878959,surat,2021,car,F,COUNT
quarter,0.0162119243285874,surat,2021,car,F,COUNT
part_of_day,0.0052748231675282,surat,2021,car,F,COUNT
FUNC_CLASS,0.0188264535467302,surat,2021,car,F,COUNT
SPEED_CAT,0.0106187161646234,surat,2021,car,F,COUNT
LANE_CAT,0.017018513800783,surat,2021,car,F,COUNT
mean_variable_annual,0.7101069036684191,surat,2021,car,F,MEAN
month,0.0159730507114522,surat,2021,car,F,MEAN
day,0.004232051244617,surat,2021,car,F,MEAN
hour,0.1645816434282106,surat,2021,car,F,MEAN
day_of_week,0.00814889082348,surat,2021,car,F,MEAN
week_of_year,0.0664211262304298,surat,2021,car,F,MEAN
quarter,0.0002959191351933,surat,2021,car,F,MEAN
part_of_day,0.0070733745228337,surat,2021,car,F,MEAN
FUNC_CLASS,0.0106952523220526,surat,2021,car,F,MEAN
SPEED_CAT,0.0067364896269834,surat,2021,car,F,MEAN
LANE_CAT,0.0057352982863278,surat,2021,car,F,MEAN
mean_variable_annual,0.6572021976644935,surat,2021,truck,F,COUNT
month,0.0369077681621097,surat,2021,truck,F,COUNT
day,0.0190930526139564,surat,2021,truck,F,COUNT
hour,0.0697410052124914,surat,2021,truck,F,COUNT
day_of_week,0.0605719554853163,surat,2021,truck,F,COUNT
week_of_year,0.1095711004611072,surat,2021,truck,F,COUNT
quarter,0.0,surat,2021,truck,F,COUNT
part_of_day,0.0039161632678581,surat,2021,truck,F,COUNT
FUNC_CLASS,0.0199810447294201,surat,2021,truck,F,COUNT
SPEED_CAT,0.0051905584193635,surat,2021,truck,F,COUNT
LANE_CAT,0.0178251539838833,surat,2021,truck,F,COUNT
mean_variable_annual,0.7509589845560508,surat,2021,truck,F,MEAN
month,0.0363239088001254,surat,2021,truck,F,MEAN
day,0.010214037078354,surat,2021,truck,F,MEAN
hour,0.1120298164515943,surat,2021,truck,F,MEAN
day_of_week,0.0083967474321484,surat,2021,truck,F,MEAN
week_of_year,0.0580863000378642,surat,2021,truck,F,MEAN
quarter,0.0013273461843275,surat,2021,truck,F,MEAN
part_of_day,0.0022727057588621,surat,2021,truck,F,MEAN
FUNC_CLASS,0.0130604957138573,surat,2021,truck,F,MEAN
SPEED_CAT,0.003871449794366,surat,2021,truck,F,MEAN
LANE_CAT,0.0034582081924495,surat,2021,truck,F,MEAN
mean_variable_annual,0.3866705851019734,tiruchirappalli,2021,car,F,COUNT
month,0.0504154095014548,tiruchirappalli,2021,car,F,COUNT
day,0.0234507818392377,tiruchirappalli,2021,car,F,COUNT
hour,0.1734034177754153,tiruchirappalli,2021,car,F,COUNT
day_of_week,0.0383165783179017,tiruchirappalli,2021,car,F,COUNT
week_of_year,0.2682789177365864,tiruchirappalli,2021,car,F,COUNT
quarter,0.0022082893640707,tiruchirappalli,2021,car,F,COUNT
part_of_day,0.0034181374769832,tiruchirappalli,2021,car,F,COUNT
FUNC_CLASS,0.0053176746125309,tiruchirappalli,2021,car,F,COUNT
SPEED_CAT,0.0384331771811963,tiruchirappalli,2021,car,F,COUNT
LANE_CAT,0.0100870310926491,tiruchirappalli,2021,car,F,COUNT
mean_variable_annual,0.7083638887668399,tiruchirappalli,2021,car,F,MEAN
month,0.0132264760900229,tiruchirappalli,2021,car,F,MEAN
day,0.0088697228561862,tiruchirappalli,2021,car,F,MEAN
hour,0.1815574634899664,tiruchirappalli,2021,car,F,MEAN
day_of_week,0.0303014322512095,tiruchirappalli,2021,car,F,MEAN
week_of_year,0.0422806954955605,tiruchirappalli,2021,car,F,MEAN
quarter,0.0004872840630534,tiruchirappalli,2021,car,F,MEAN
part_of_day,0.0011906689667331,tiruchirappalli,2021,car,F,MEAN
FUNC_CLASS,0.0045172260854575,tiruchirappalli,2021,car,F,MEAN
SPEED_CAT,0.0060771209731061,tiruchirappalli,2021,car,F,MEAN
LANE_CAT,0.0031280209618641,tiruchirappalli,2021,car,F,MEAN
mean_variable_annual,0.6247241011709426,tiruchirappalli,2021,truck,F,COUNT
month,0.0380957700468588,tiruchirappalli,2021,truck,F,COUNT
day,0.0262325125054503,tiruchirappalli,2021,truck,F,COUNT
hour,0.1169602262982299,tiruchirappalli,2021,truck,F,COUNT
day_of_week,0.0586340775565923,tiruchirappalli,2021,truck,F,COUNT
week_of_year,0.1029097664114779,tiruchirappalli,2021,truck,F,COUNT
quarter,0.0014837947364375,tiruchirappalli,2021,truck,F,COUNT
part_of_day,0.0049235550085457,tiruchirappalli,2021,truck,F,COUNT
FUNC_CLASS,0.0035615664699275,tiruchirappalli,2021,truck,F,COUNT
SPEED_CAT,0.0129551686291874,tiruchirappalli,2021,truck,F,COUNT
LANE_CAT,0.0095194611663498,tiruchirappalli,2021,truck,F,COUNT
mean_variable_annual,0.7419437929329583,tiruchirappalli,2021,truck,F,MEAN
month,0.0114258227034871,tiruchirappalli,2021,truck,F,MEAN
day,0.0092867842098114,tiruchirappalli,2021,truck,F,MEAN
hour,0.1476654428720203,tiruchirappalli,2021,truck,F,MEAN
day_of_week,0.025369975768392,tiruchirappalli,2021,truck,F,MEAN
week_of_year,0.0433503741296206,tiruchirappalli,2021,truck,F,MEAN
quarter,0.0021287809381658,tiruchirappalli,2021,truck,F,MEAN
part_of_day,0.0034137092517075,tiruchirappalli,2021,truck,F,MEAN
FUNC_CLASS,0.0057460416302876,tiruchirappalli,2021,truck,F,MEAN
SPEED_CAT,0.0058341924226047,tiruchirappalli,2021,truck,F,MEAN
LANE_CAT,0.0038350831409444,tiruchirappalli,2021,truck,F,MEAN
mean_variable_annual,0.390878859451328,tiruppur,2021,car,F,COUNT
month,0.0465237425122701,tiruppur,2021,car,F,COUNT
day,0.02687570780542,tiruppur,2021,car,F,COUNT
hour,0.2568597804756236,tiruppur,2021,car,F,COUNT
day_of_week,0.0494766869068496,tiruppur,2021,car,F,COUNT
week_of_year,0.1444141832303945,tiruppur,2021,car,F,COUNT
quarter,0.0023571929835668,tiruppur,2021,car,F,COUNT
part_of_day,0.0022785808105903,tiruppur,2021,car,F,COUNT
FUNC_CLASS,0.0327196788954505,tiruppur,2021,car,F,COUNT
SPEED_CAT,0.0282258019011917,tiruppur,2021,car,F,COUNT
LANE_CAT,0.0193897850273144,tiruppur,2021,car,F,COUNT
mean_variable_annual,0.5781771625188046,tiruppur,2021,car,F,MEAN
month,0.0160520130868952,tiruppur,2021,car,F,MEAN
day,0.0177636405487989,tiruppur,2021,car,F,MEAN
hour,0.2181880207858748,tiruppur,2021,car,F,MEAN
day_of_week,0.0323116320383458,tiruppur,2021,car,F,MEAN
week_of_year,0.0787140613800084,tiruppur,2021,car,F,MEAN
quarter,0.0017524310159599,tiruppur,2021,car,F,MEAN
part_of_day,0.0104395651223422,tiruppur,2021,car,F,MEAN
FUNC_CLASS,0.0212286460024246,tiruppur,2021,car,F,MEAN
SPEED_CAT,0.0102514339640364,tiruppur,2021,car,F,MEAN
LANE_CAT,0.0151213935365086,tiruppur,2021,car,F,MEAN
mean_variable_annual,0.4038152413961471,tiruppur,2021,truck,F,COUNT
month,0.0255526531391091,tiruppur,2021,truck,F,COUNT
day,0.0211704649673918,tiruppur,2021,truck,F,COUNT
hour,0.2933563384221956,tiruppur,2021,truck,F,COUNT
day_of_week,0.0935890676802192,tiruppur,2021,truck,F,COUNT
week_of_year,0.1099591112633841,tiruppur,2021,truck,F,COUNT
quarter,0.0034242534278,tiruppur,2021,truck,F,COUNT
part_of_day,0.0059462775540923,tiruppur,2021,truck,F,COUNT
FUNC_CLASS,0.0264978755550888,tiruppur,2021,truck,F,COUNT
SPEED_CAT,0.0054050326263532,tiruppur,2021,truck,F,COUNT
LANE_CAT,0.0112836839682183,tiruppur,2021,truck,F,COUNT
mean_variable_annual,0.6596599850430197,tiruppur,2021,truck,F,MEAN
month,0.0123626979008048,tiruppur,2021,truck,F,MEAN
day,0.0066716196727957,tiruppur,2021,truck,F,MEAN
hour,0.2149937621026967,tiruppur,2021,truck,F,MEAN
day_of_week,0.0155281512624996,tiruppur,2021,truck,F,MEAN
week_of_year,0.0626799346932873,tiruppur,2021,truck,F,MEAN
quarter,0.0015594496866637,tiruppur,2021,truck,F,MEAN
part_of_day,0.0016410136511236,tiruppur,2021,truck,F,MEAN
FUNC_CLASS,0.0136978024897904,tiruppur,2021,truck,F,MEAN
SPEED_CAT,0.0083451295214657,tiruppur,2021,truck,F,MEAN
LANE_CAT,0.0028604539758522,tiruppur,2021,truck,F,MEAN
mean_variable_annual,0.4884844637865853,vadodara,2021,car,F,COUNT
month,0.0852511942935919,vadodara,2021,car,F,COUNT
day,0.0169280842335703,vadodara,2021,car,F,COUNT
hour,0.0796639624590749,vadodara,2021,car,F,COUNT
day_of_week,0.0301617703582491,vadodara,2021,car,F,COUNT
week_of_year,0.2117773752138889,vadodara,2021,car,F,COUNT
quarter,0.0186539409645904,vadodara,2021,car,F,COUNT
part_of_day,0.0081440459129718,vadodara,2021,car,F,COUNT
FUNC_CLASS,0.0419191401144395,vadodara,2021,car,F,COUNT
SPEED_CAT,0.0070762508507255,vadodara,2021,car,F,COUNT
LANE_CAT,0.0119397718123119,vadodara,2021,car,F,COUNT
mean_variable_annual,0.6387960665026108,vadodara,2021,car,F,MEAN
month,0.0162377733342886,vadodara,2021,car,F,MEAN
day,0.0049254298027109,vadodara,2021,car,F,MEAN
hour,0.2453398967942963,vadodara,2021,car,F,MEAN
day_of_week,0.0039032613511591,vadodara,2021,car,F,MEAN
week_of_year,0.0555221928421236,vadodara,2021,car,F,MEAN
quarter,0.0005849718260956,vadodara,2021,car,F,MEAN
part_of_day,0.0139106694719343,vadodara,2021,car,F,MEAN
FUNC_CLASS,0.0095760196837187,vadodara,2021,car,F,MEAN
SPEED_CAT,0.0069386774789725,vadodara,2021,car,F,MEAN
LANE_CAT,0.004265040912089,vadodara,2021,car,F,MEAN
mean_variable_annual,0.7199658669919491,vadodara,2021,truck,F,COUNT
month,0.0238520603989331,vadodara,2021,truck,F,COUNT
day,0.0160256845239693,vadodara,2021,truck,F,COUNT
hour,0.0550167575582002,vadodara,2021,truck,F,COUNT
day_of_week,0.0403850816798144,vadodara,2021,truck,F,COUNT
week_of_year,0.1301357800825033,vadodara,2021,truck,F,COUNT
quarter,0.0022175654601779,vadodara,2021,truck,F,COUNT
part_of_day,0.0013768642845941,vadodara,2021,truck,F,COUNT
FUNC_CLASS,0.0093174969707012,vadodara,2021,truck,F,COUNT
SPEED_CAT,0.0017068420491569,vadodara,2021,truck,F,COUNT
LANE_CAT,0.0,vadodara,2021,truck,F,COUNT
mean_variable_annual,0.6510011866862975,vadodara,2021,truck,F,MEAN
month,0.0166231645581889,vadodara,2021,truck,F,MEAN
day,0.0078923156240053,vadodara,2021,truck,F,MEAN
hour,0.2211436592292228,vadodara,2021,truck,F,MEAN
day_of_week,0.0095248374864008,vadodara,2021,truck,F,MEAN
week_of_year,0.0539831072243389,vadodara,2021,truck,F,MEAN
quarter,0.0002217877588738,vadodara,2021,truck,F,MEAN
part_of_day,0.0155168436579935,vadodara,2021,truck,F,MEAN
FUNC_CLASS,0.014478727365881,vadodara,2021,truck,F,MEAN
SPEED_CAT,0.0058384344021496,vadodara,2021,truck,F,MEAN
LANE_CAT,0.0037759360066477,vadodara,2021,truck,F,MEAN
mean_variable_annual,0.2573458124634566,varanashi,2021,car,F,COUNT
month,0.0919615274613867,varanashi,2021,car,F,COUNT
day,0.0178955444907531,varanashi,2021,car,F,COUNT
hour,0.1868075300536614,varanashi,2021,car,F,COUNT
day_of_week,0.0149772221715365,varanashi,2021,car,F,COUNT
week_of_year,0.2558077376420798,varanashi,2021,car,F,COUNT
quarter,0.021238112636962,varanashi,2021,car,F,COUNT
part_of_day,0.001194764354492,varanashi,2021,car,F,COUNT
FUNC_CLASS,0.0530064501109856,varanashi,2021,car,F,COUNT
SPEED_CAT,0.0149164567340116,varanashi,2021,car,F,COUNT
LANE_CAT,0.0848488418806742,varanashi,2021,car,F,COUNT
mean_variable_annual,0.5814785768165979,varanashi,2021,car,F,MEAN
month,0.0329747737246964,varanashi,2021,car,F,MEAN
day,0.0088193844851207,varanashi,2021,car,F,MEAN
hour,0.2294396115293164,varanashi,2021,car,F,MEAN
day_of_week,0.0248208516946286,varanashi,2021,car,F,MEAN
week_of_year,0.0721419878321764,varanashi,2021,car,F,MEAN
quarter,0.0006785229826904,varanashi,2021,car,F,MEAN
part_of_day,0.0225461071401677,varanashi,2021,car,F,MEAN
FUNC_CLASS,0.0150060272572707,varanashi,2021,car,F,MEAN
SPEED_CAT,0.0076497747520281,varanashi,2021,car,F,MEAN
LANE_CAT,0.0044443817853062,varanashi,2021,car,F,MEAN
mean_variable_annual,0.3612751299457319,varanashi,2021,truck,F,COUNT
month,0.0861760761034863,varanashi,2021,truck,F,COUNT
day,0.0134360612152705,varanashi,2021,truck,F,COUNT
hour,0.2090737483514935,varanashi,2021,truck,F,COUNT
day_of_week,0.0435791878700458,varanashi,2021,truck,F,COUNT
week_of_year,0.2130204909327876,varanashi,2021,truck,F,COUNT
quarter,0.0023854953694162,varanashi,2021,truck,F,COUNT
part_of_day,0.0067023127763808,varanashi,2021,truck,F,COUNT
FUNC_CLASS,0.0366000204910613,varanashi,2021,truck,F,COUNT
SPEED_CAT,0.0065531799596376,varanashi,2021,truck,F,COUNT
LANE_CAT,0.0211982969846881,varanashi,2021,truck,F,COUNT
mean_variable_annual,0.5534226897495427,varanashi,2021,truck,F,MEAN
month,0.0365443174051319,varanashi,2021,truck,F,MEAN
day,0.0137002350920342,varanashi,2021,truck,F,MEAN
hour,0.2412646815481936,varanashi,2021,truck,F,MEAN
day_of_week,0.0306784758443708,varanashi,2021,truck,F,MEAN
week_of_year,0.0891545838435315,varanashi,2021,truck,F,MEAN
quarter,0.0057316179698148,varanashi,2021,truck,F,MEAN
part_of_day,0.0044405643817153,varanashi,2021,truck,F,MEAN
FUNC_CLASS,0.0153625899534928,varanashi,2021,truck,F,MEAN
SPEED_CAT,0.0059840847467633,varanashi,2021,truck,F,MEAN
LANE_CAT,0.0037161594654083,varanashi,2021,truck,F,MEAN
mean_variable_annual,0.3957039311673564,vijaywada,2021,car,F,COUNT
month,0.1839597448182176,vijaywada,2021,car,F,COUNT
day,0.0134283674154733,vijaywada,2021,car,F,COUNT
hour,0.1974512140742003,vijaywada,2021,car,F,COUNT
day_of_week,0.0145671712174962,vijaywada,2021,car,F,COUNT
week_of_year,0.1316964185658436,vijaywada,2021,car,F,COUNT
quarter,0.0190777743067774,vijaywada,2021,car,F,COUNT
part_of_day,0.0069354257660334,vijaywada,2021,car,F,COUNT
FUNC_CLASS,0.0204786534562524,vijaywada,2021,car,F,COUNT
SPEED_CAT,0.0077087977107142,vijaywada,2021,car,F,COUNT
LANE_CAT,0.0089925015016347,vijaywada,2021,car,F,COUNT
mean_variable_annual,0.6236034278587843,vijaywada,2021,car,F,MEAN
month,0.017536830496098,vijaywada,2021,car,F,MEAN
day,0.0029374439866545,vijaywada,2021,car,F,MEAN
hour,0.2186258451912237,vijaywada,2021,car,F,MEAN
day_of_week,0.0181911504159912,vijaywada,2021,car,F,MEAN
week_of_year,0.0659604486888687,vijaywada,2021,car,F,MEAN
quarter,0.0053475902169226,vijaywada,2021,car,F,MEAN
part_of_day,0.0121637804169581,vijaywada,2021,car,F,MEAN
FUNC_CLASS,0.0228176847408774,vijaywada,2021,car,F,MEAN
SPEED_CAT,0.0074938633082696,vijaywada,2021,car,F,MEAN
LANE_CAT,0.0053219346793511,vijaywada,2021,car,F,MEAN
mean_variable_annual,0.6582259578825569,vijaywada,2021,truck,F,COUNT
month,0.0273969217769386,vijaywada,2021,truck,F,COUNT
day,0.0094499431920008,vijaywada,2021,truck,F,COUNT
hour,0.093518878064477,vijaywada,2021,truck,F,COUNT
day_of_week,0.0424878015656202,vijaywada,2021,truck,F,COUNT
week_of_year,0.1207836930048232,vijaywada,2021,truck,F,COUNT
quarter,0.0037208070357243,vijaywada,2021,truck,F,COUNT
part_of_day,0.0047893448246859,vijaywada,2021,truck,F,COUNT
FUNC_CLASS,0.033447767715481,vijaywada,2021,truck,F,COUNT
SPEED_CAT,0.0051038559191819,vijaywada,2021,truck,F,COUNT
LANE_CAT,0.0010750290185097,vijaywada,2021,truck,F,COUNT
mean_variable_annual,0.6788142208194683,vijaywada,2021,truck,F,MEAN
month,0.0163781485063785,vijaywada,2021,truck,F,MEAN
day,0.006427349013358,vijaywada,2021,truck,F,MEAN
hour,0.1996028352190835,vijaywada,2021,truck,F,MEAN
day_of_week,0.0173227567822188,vijaywada,2021,truck,F,MEAN
week_of_year,0.039170038685576,vijaywada,2021,truck,F,MEAN
quarter,0.0054396292276327,vijaywada,2021,truck,F,MEAN
part_of_day,0.0122018790087795,vijaywada,2021,truck,F,MEAN
FUNC_CLASS,0.0154271983812187,vijaywada,2021,truck,F,MEAN
SPEED_CAT,0.0054382017707651,vijaywada,2021,truck,F,MEAN
LANE_CAT,0.0037777425855204,vijaywada,2021,truck,F,MEAN
mean_variable_annual,0.5148449323117957,vishakhapatnam,2021,car,F,COUNT
month,0.1146211742135828,vishakhapatnam,2021,car,F,COUNT
day,0.0164965827260876,vishakhapatnam,2021,car,F,COUNT
hour,0.1072646459861792,vishakhapatnam,2021,car,F,COUNT
day_of_week,0.0127984186264973,vishakhapatnam,2021,car,F,COUNT
week_of_year,0.168831684703209,vishakhapatnam,2021,car,F,COUNT
quarter,0.0204502580618626,vishakhapatnam,2021,car,F,COUNT
part_of_day,0.0054202861248582,vishakhapatnam,2021,car,F,COUNT
FUNC_CLASS,0.0206415338066489,vishakhapatnam,2021,car,F,COUNT
SPEED_CAT,0.0072465859195307,vishakhapatnam,2021,car,F,COUNT
LANE_CAT,0.0113838975197476,vishakhapatnam,2021,car,F,COUNT
mean_variable_annual,0.7165416391013469,vishakhapatnam,2021,car,F,MEAN
month,0.0112304764409635,vishakhapatnam,2021,car,F,MEAN
day,0.00378116899638,vishakhapatnam,2021,car,F,MEAN
hour,0.1821088036611834,vishakhapatnam,2021,car,F,MEAN
day_of_week,0.0127557639731208,vishakhapatnam,2021,car,F,MEAN
week_of_year,0.0389603801160926,vishakhapatnam,2021,car,F,MEAN
quarter,0.0008000530194038,vishakhapatnam,2021,car,F,MEAN
part_of_day,0.0138364720833572,vishakhapatnam,2021,car,F,MEAN
FUNC_CLASS,0.0089886947722637,vishakhapatnam,2021,car,F,MEAN
SPEED_CAT,0.0060780935210123,vishakhapatnam,2021,car,F,MEAN
LANE_CAT,0.0049184543148753,vishakhapatnam,2021,car,F,MEAN
mean_variable_annual,0.6330405072659723,vishakhapatnam,2021,truck,F,COUNT
month,0.0308467189923632,vishakhapatnam,2021,truck,F,COUNT
day,0.019663596930138,vishakhapatnam,2021,truck,F,COUNT
hour,0.1341746219649478,vishakhapatnam,2021,truck,F,COUNT
day_of_week,0.0463405496789581,vishakhapatnam,2021,truck,F,COUNT
week_of_year,0.0939238324259269,vishakhapatnam,2021,truck,F,COUNT
quarter,0.0047375427660545,vishakhapatnam,2021,truck,F,COUNT
part_of_day,0.0028801494562736,vishakhapatnam,2021,truck,F,COUNT
FUNC_CLASS,0.0187621676986103,vishakhapatnam,2021,truck,F,COUNT
SPEED_CAT,0.0114610195288151,vishakhapatnam,2021,truck,F,COUNT
LANE_CAT,0.00416929329194,vishakhapatnam,2021,truck,F,COUNT
mean_variable_annual,0.6759770985382181,vishakhapatnam,2021,truck,F,MEAN
month,0.0285131418019756,vishakhapatnam,2021,truck,F,MEAN
day,0.0063964786584703,vishakhapatnam,2021,truck,F,MEAN
hour,0.1868970106009053,vishakhapatnam,2021,truck,F,MEAN
day_of_week,0.0093850336008656,vishakhapatnam,2021,truck,F,MEAN
week_of_year,0.0509458608133103,vishakhapatnam,2021,truck,F,MEAN
quarter,0.0094468069443288,vishakhapatnam,2021,truck,F,MEAN
part_of_day,0.0087600036723303,vishakhapatnam,2021,truck,F,MEAN
FUNC_CLASS,0.0144243757496495,vishakhapatnam,2021,truck,F,MEAN
SPEED_CAT,0.0037788399505335,vishakhapatnam,2021,truck,F,MEAN
LANE_CAT,0.0054753496694123,vishakhapatnam,2021,truck,F,MEAN
